record,hop,frames,best,last,spikes,events,cycles,detected
0,0,25,-493,-12265,490,46074,9277281,0
0,1,25,-4341,-5665,319,42813,9795675,0
0,2,25,961,-533,322,43692,9593741,0
0,3,25,2759,-3194,316,41113,9358481,0
0,4,25,-351,-351,418,52683,9943088,0
0,5,25,9779,6920,454,60506,10250975,3
0,6,25,6052,1068,293,39423,9116077,0
0,7,25,2375,-833,271,33582,8798982,0
0,8,16,134,-975,161,21813,5648647,0
1,0,25,-69,-7597,339,32060,8278105,0
1,1,25,-3159,-3159,242,31014,8759708,0
1,2,25,-1059,-1911,259,34302,8834048,0
1,3,25,132,-10844,325,37882,9013387,0
1,4,25,1814,1814,463,59848,10386440,0
1,5,25,6855,5151,421,60469,10128739,0
1,6,25,4463,-1741,281,31991,8731105,0
1,7,25,956,-1837,290,36557,9215609,0
1,8,8,1450,-224,104,12961,3006363,0
2,0,25,-69,-6710,223,20527,7520416,0
2,1,25,-2294,-6409,229,28137,8317941,0
2,2,25,-3314,-7284,226,29970,8439513,0
2,3,25,597,-1378,267,34888,8588805,0
2,4,25,1930,-2077,225,30848,8341512,0
2,5,25,-1756,-9982,376,40620,9069019,0
2,6,25,4841,4841,330,50366,9644245,0
2,7,25,6378,-2959,255,33326,8358911,0
2,8,14,-424,-3570,123,16078,4588900,0
3,0,25,-69,-15135,530,48272,9277699,0
3,1,25,-3344,-3344,523,69650,11321119,0
3,2,25,8689,-456,369,58647,10082050,0
3,3,25,-2226,-6921,230,30865,8225664,0
3,4,25,-3061,-4337,180,22804,7870494,0
3,5,25,-1582,-5088,221,27699,8140281,0
3,6,25,-507,-4158,213,27554,8152835,0
3,7,25,-2725,-6358,230,29717,8296816,0
3,8,20,-3581,-4908,168,21392,6507541,0
4,0,25,-69,-8200,258,24893,7769863,0
4,1,25,-4722,-6521,221,28322,8332173,0
4,2,25,-3525,-3529,212,29152,8286784,0
4,3,25,2306,-2029,227,29989,8261737,0
4,4,25,-238,-5689,228,29329,8199534,0
4,5,25,2130,512,237,30373,8252895,0
4,6,25,1667,-9109,481,48247,9690224,0
4,7,25,7969,7969,437,66673,10934677,0
4,8,14,8566,738,181,27584,5290250,0
5,0,25,-69,-6922,248,23242,7672904,0
5,1,25,-4884,-7264,238,30124,8471256,0
5,2,25,-4231,-13078,320,36270,8854754,0
5,3,25,-9350,-10368,597,67443,11075378,0
5,4,25,9807,9807,512,78526,11627589,3
5,5,25,10603,-3717,295,44818,9111571,2
5,6,25,-2901,-5419,210,26032,7974957,0
5,7,25,-3798,-5045,200,25522,7979765,0
5,8,12,-4169,-4169,98,12622,3873128,0
6,0,25,-69,-6785,235,21523,7586360,0
6,1,25,-5439,-7179,243,30256,8476466,0
6,2,25,-1786,-3691,207,27948,8348956,0
6,3,25,-1515,-8615,301,34511,8680447,0
6,4,25,-10798,-11405,624,69068,11135147,0
6,5,25,9244,9174,476,76232,11499849,0
6,6,25,9075,-5630,297,43010,8945307,0
6,7,25,-3835,-5404,203,25152,7938595,0
6,8,6,-4719,-4719,50,5561,1891503,0
7,0,25,-1543,-11600,560,50995,9668549,0
7,1,25,-4266,-4435,368,49420,10428840,0
7,2,25,5069,5069,438,59731,10617514,0
7,3,25,8460,1862,372,49493,9857403,0
7,4,25,1925,-833,297,38813,9281253,0
7,5,25,189,189,307,39711,9325595,0
7,6,25,2306,1766,293,37661,9189889,0
7,7,25,2962,-1232,311,40908,9334500,0
7,8,3,-1851,-1851,37,4346,1101692,0
8,0,25,-69,-7459,257,23809,7747260,0
8,1,25,-7528,-8536,492,52454,10052971,0
8,2,25,-2626,-2626,639,86534,12003723,0
8,3,25,12347,10937,459,65454,10564319,3
8,4,25,10771,-785,254,36853,8731960,2
8,5,25,2308,-857,228,29720,8215379,0
8,6,25,-2001,-4254,183,24535,7927498,0
8,7,25,-1179,-5185,212,26006,8004524,0
8,8,21,-2268,-4189,160,20514,6699074,0
9,0,25,-1543,-10866,517,48141,9437593,0
9,1,25,-6037,-7145,350,45177,10045088,0
9,2,25,-2742,-2742,425,55645,10460717,0
9,3,25,9724,9057,499,68403,10805512,3
9,4,25,8794,1744,329,42988,9383594,0
9,5,25,1687,-2190,282,36883,9078427,0
9,6,25,-441,-1298,272,34788,8966762,0
9,7,25,17,-875,266,34640,8980024,0
9,8,8,224,-493,97,12212,2912061,0
10,0,25,-493,-12404,502,46689,9330909,0
10,1,25,-4760,-5089,315,42839,9843688,0
10,2,25,2294,288,341,46284,9736656,0
10,3,25,1524,-4224,361,45272,9640241,0
10,4,25,4355,4355,483,64264,10522818,0
10,5,25,10804,3557,357,47729,9540728,3
10,6,25,3764,-1141,272,34839,8887950,0
10,7,25,2631,1305,287,37180,9011740,0
10,8,18,1850,-721,202,25175,6390686,0
11,0,25,-69,-7495,379,36227,8540233,0
11,1,25,-5752,-5752,287,37746,9180668,0
11,2,25,2594,1525,297,39159,9129157,0
11,3,25,1382,-1901,265,35054,8807215,0
11,4,25,1170,-8432,404,45870,9500411,0
11,5,25,1108,1108,493,66106,10756121,0
11,6,25,8457,5856,428,59905,10087617,0
11,7,25,5595,1507,250,32698,8579659,0
11,8,19,1481,-3295,183,23909,6480262,0
12,0,25,-69,-6922,248,23242,7672904,0
12,1,25,-4884,-7264,238,30124,8471256,0
12,2,25,-2592,-5462,230,30358,8469779,0
12,3,25,-2681,-7123,238,30436,8430316,0
12,4,25,-3233,-6527,207,27460,8269085,0
12,5,25,-4315,-11553,534,54357,10050475,0
12,6,25,-7038,-7198,695,90262,12536929,0
12,7,25,13660,13660,520,77912,11526191,3
12,8,17,13049,-1511,252,37731,6653293,2
13,0,25,-69,-6922,248,23242,7672904,0
13,1,25,-4884,-15417,344,39752,9076462,0
13,2,25,-3911,-3911,279,38990,9145638,0
13,3,25,-1274,-9635,504,55177,10127408,0
13,4,25,-5299,-5299,582,78006,11671078,0
13,5,25,10224,4986,368,58254,10095864,3
13,6,25,3757,-6688,278,37480,8553023,0
13,7,25,-4138,-5800,186,23321,7854869,0
13,8,3,-4597,-4655,21,2515,944375,0
14,0,25,-69,-6922,248,23242,7672904,0
14,1,25,-4884,-7264,238,30124,8471256,0
14,2,25,-4231,-14748,346,38004,8970643,0
14,3,25,-9380,-10711,564,67890,11020585,0
14,4,25,-465,-465,694,89869,12320723,0
14,5,25,10873,727,364,60219,10381087,3
14,6,25,95,-4679,229,31298,8305315,0
14,7,25,-4081,-6740,210,26474,8051204,0
14,8,1,-6206,-6206,4,607,299488,0
15,0,25,-69,-6922,248,23242,7672904,0
15,1,25,-4884,-7264,238,30124,8471256,0
15,2,25,-2592,-5462,230,30358,8469779,0
15,3,25,-3075,-14844,458,48294,9639344,0
15,4,25,-9235,-10482,584,76297,11518876,0
15,5,25,9539,9539,505,71412,11113710,0
15,6,25,10144,-2508,321,48153,9382971,3
15,7,25,-2236,-6430,192,24234,7908398,0
16,0,25,-69,-6922,248,23242,7672904,0
16,1,25,-4858,-5598,236,29416,8439520,0
16,2,25,-5687,-11541,528,57635,10325384,0
16,3,25,-7248,-7248,679,87917,12200632,0
16,4,25,10199,8683,442,66628,10858957,3
16,5,25,8278,-2877,272,39798,8853112,0
16,6,25,-2372,-6980,204,26335,8020523,0
16,7,25,-3698,-4567,205,25418,8013160,0
16,8,22,-4020,-4871,192,24872,7178974,0
17,0,25,-69,-10148,407,38588,8734816,0
17,1,25,-5194,-8258,306,38612,9340736,0
17,2,25,-4948,-4948,425,52200,10154550,0
17,3,25,1677,913,555,75826,11176724,0
17,4,25,9920,3745,345,49392,9541061,3
17,5,25,4281,-1275,239,30829,8475828,0
17,6,25,-635,-2187,228,28789,8369869,0
17,7,25,-1590,-2465,225,28987,8378372,0
17,8,10,-1929,-2797,91,12603,3412505,0
18,0,25,-493,-10204,435,40835,8937406,0
18,1,25,-3455,-3879,302,40189,9515529,0
18,2,25,1723,1723,318,42028,9410841,0
18,3,25,2570,1698,294,39462,9143470,0
18,4,25,1237,-212,260,33815,8806070,0
18,5,25,-208,-1378,273,34462,8909172,0
18,6,25,3860,1296,294,39061,9067862,0
18,7,23,773,-2480,218,28039,7876157,0
19,0,25,-69,-4890,207,18959,7440240,0
19,1,25,-2594,-5305,218,26651,8240817,0
19,2,25,-1632,-5440,220,29539,8369625,0
19,3,25,-3666,-4907,215,27861,8238190,0
19,4,25,-245,-15506,411,44621,9257048,0
19,5,25,-5062,-5062,528,67250,10957973,0
19,6,25,10804,8692,451,67959,10625864,3
19,7,25,9274,-4391,285,38916,8681157,0
19,8,12,-4733,-6660,100,11978,3824672,0
20,0,25,-1119,-10515,506,46479,9364529,0
20,1,25,-4336,-4336,364,49059,10204340,0
20,2,25,3651,3131,388,51652,10077950,0
20,3,25,3603,-490,321,43105,9498875,0
20,4,25,1024,1024,324,41558,9364557,0
20,5,25,1032,-3408,308,38932,9266474,0
20,6,25,2871,2871,377,49267,9756484,0
20,7,25,6926,2305,356,46363,9534521,0
20,8,16,1760,-1177,173,23473,5782124,0
21,0,25,-69,-6743,225,20439,7532574,0
21,1,25,-3841,-7164,224,29016,8381836,0
21,2,25,-1993,-3469,214,28141,8296715,0
21,3,25,-1492,-7302,275,34206,8584112,0
21,4,25,11,-7164,246,29076,8339342,0
21,5,25,-3121,-3121,481,57570,10337258,0
21,6,25,6712,2210,366,53859,10025150,0
21,7,25,3907,1035,286,38594,8912490,0
21,8,22,-368,-9090,252,34514,7698196,0
22,0,25,-69,-7701,261,24755,7799317,0
22,1,25,-4298,-6480,215,27237,8323252,0
22,2,25,-971,-971,226,30271,8401569,0
22,3,25,2077,-2118,240,31592,8366145,0
22,4,25,-307,-2757,214,26771,8109867,0
22,5,25,-4353,-7931,324,36999,8928769,0
22,6,25,-1782,-1782,253,37448,8995658,0
22,7,25,-1227,-4121,197,27810,8181201,0
22,8,19,-2164,-4192,146,17945,6028574,0
23,0,25,-69,-7253,342,32854,8304780,0
23,1,25,-4203,-5869,260,33165,8846179,0
23,2,25,-1409,-2309,236,31994,8693315,0
23,3,25,1177,429,242,31211,8581657,0
23,4,25,-700,-9163,419,46695,9632580,0
23,5,25,3114,3114,372,54683,10089137,0
23,6,25,2662,-3147,262,35587,8691810,0
23,7,25,-1667,-2988,207,26167,8233570,0
23,8,18,-314,-1815,153,19746,5968989,0
24,0,25,-69,-3810,198,18218,7391108,0
24,1,25,-4003,-5692,227,27116,8270154,0
24,2,25,-312,-312,291,38301,8829539,0
24,3,25,2607,2389,271,35384,8605168,0
24,4,25,1116,-4547,248,31644,8399782,0
24,5,25,-4951,-15400,381,41395,9134937,0
24,6,25,-6898,-7187,400,55291,10160007,0
24,7,25,-6935,-14700,371,54479,9649470,0
24,8,16,-9833,-9833,156,20906,5308601,0
25,0,25,-69,-6922,248,23242,7672904,0
25,1,25,-4884,-7264,238,30124,8471256,0
25,2,25,-2592,-5462,230,30358,8469779,0
25,3,25,-3075,-8245,253,32475,8531304,0
25,4,25,-5275,-5275,248,33181,8525272,0
25,5,25,2622,-2316,317,38331,8751919,0
25,6,25,-4951,-11155,559,60611,10634822,0
25,7,25,-2087,-5595,330,54905,10386971,0
25,8,18,-6448,-13753,275,38849,6854536,0
26,0,25,-69,-8417,422,40079,8855459,0
26,1,25,-8043,-12359,482,55159,10550413,0
26,2,25,-4313,-4406,392,58250,10617057,0
26,3,25,-4555,-9422,329,45238,9425649,0
26,4,25,-1562,-3219,222,28488,8488114,0
26,5,25,-1612,-4788,245,31706,8634313,0
26,6,25,889,-374,254,33006,8688000,0
26,7,25,1686,-1478,247,31629,8616397,0
26,8,4,1180,673,42,5348,1394879,0
27,0,25,-69,-6876,273,25612,7858524,0
27,1,25,-3610,-3610,215,28034,8384647,0
27,2,25,-2616,-5173,226,30340,8434777,0
27,3,25,1639,1639,240,30893,8371299,0
27,4,25,565,-14378,470,48786,9644904,0
27,5,25,-6479,-8956,422,57084,10736717,0
27,6,25,-1288,-6219,280,46229,9538441,0
27,7,25,-4878,-5863,226,29721,8222093,0
27,8,22,-2075,-2075,163,21104,6975739,0
28,0,25,-69,-9094,427,40237,8885059,0
28,1,25,-4377,-4377,346,45394,9759130,0
28,2,25,2812,2812,353,47409,9676130,0
28,3,25,2955,-528,288,38137,9077728,0
28,4,25,1482,-1653,268,34856,8870700,0
28,5,25,680,-11200,375,42131,9384391,0
28,6,25,-2018,-2308,365,49173,9998311,0
28,7,25,7446,7408,437,59784,10238451,0
28,8,13,6837,3984,156,21336,4743712,0
29,0,25,-69,-8029,368,34299,8478000,0
29,1,25,-4347,-4347,330,42596,9456546,0
29,2,25,4015,2422,372,49524,9648516,0
29,3,25,3772,2387,298,39641,9061661,0
29,4,25,300,-14675,385,42968,9411467,0
29,5,25,-3213,-3213,396,55213,10274948,0
29,6,25,-1028,-9342,333,46491,9430212,0
29,7,25,-3748,-4934,205,27269,8300708,0
29,8,4,-4077,-4077,31,3433,1286049,0
30,0,25,-69,-6249,244,22711,7645989,0
30,1,25,-5366,-12605,328,36535,8853406,0
30,2,25,-7148,-7148,531,63803,10843434,0
30,3,25,3782,-1609,355,58185,10207483,0
30,4,25,-2921,-6688,280,37400,8571081,0
30,5,25,-3625,-4877,190,23416,7934177,0
30,6,25,-1827,-5219,208,26979,8119585,0
30,7,25,-2857,-4813,218,27849,8173754,0
30,8,3,-4157,-4175,31,3538,1000739,0
31,0,25,-69,-6842,293,27662,7976080,0
31,1,25,-7520,-10621,445,49877,9915945,0
31,2,25,-4166,-4350,373,55243,10155614,0
31,3,25,-4086,-5597,261,36683,8747793,0
31,4,25,-1621,-3901,185,23517,8042052,0
31,5,25,-1952,-4699,197,25593,8139576,0
31,6,25,-1622,-2021,197,25094,8103690,0
31,7,25,1194,-2263,219,28683,8286155,0
31,8,3,-759,-1289,22,2442,942428,0
32,0,25,-1317,-11373,543,49832,9591961,0
32,1,25,-4864,-4864,383,51512,10426466,0
32,2,25,3824,3671,415,56833,10401141,0
32,3,25,3966,439,332,43288,9568318,0
32,4,25,1156,-10169,392,46464,9814250,0
32,5,25,-4289,-4981,340,46480,9983618,0
32,6,25,565,-2197,310,42648,9513728,0
32,7,25,-290,-3573,290,36949,9109021,0
32,8,15,173,-3838,166,20997,5395808,0
33,0,25,-69,-8418,354,32911,8359306,0
33,1,25,-6227,-6227,335,40258,9436837,0
33,2,25,-2072,-2072,352,48792,9805427,0
33,3,25,7387,5944,370,50279,9609149,0
33,4,25,6720,-1023,296,37173,8959162,0
33,5,25,6584,6494,338,44889,9325513,0
33,6,25,5711,-2388,267,34813,8684504,0
33,7,25,-385,-442,229,29037,8446196,0
33,8,6,-929,-1344,52,6914,2017972,0
34,0,25,-69,-5292,273,26987,7877438,0
34,1,25,-3698,-4832,230,28793,8420884,0
34,2,25,-1502,-1816,226,29139,8378115,0
34,3,25,-2534,-4586,246,31451,8555117,0
34,4,25,-4861,-8751,439,52917,9770281,0
34,5,25,-8543,-11116,401,51117,9924180,0
34,6,25,-8701,-8701,368,50043,9739112,0
34,7,25,-2011,-7609,266,39857,8880154,0
34,8,5,-7529,-10736,67,8733,1776537,0
35,0,25,-69,-9222,344,33364,8332594,0
35,1,25,-5056,-7408,258,33675,8837801,0
35,2,25,2895,-5201,373,44813,9328356,0
35,3,25,-6514,-6514,372,46700,9762918,0
35,4,25,2748,-2539,287,44769,9404555,0
35,5,25,-1167,-1348,185,24644,8010310,0
35,6,25,-699,-5150,226,28051,8205927,0
35,7,25,-2036,-2642,197,24796,8042974,0
35,8,18,-2494,-4266,147,19619,5881606,0
36,0,25,-1119,-11252,500,46369,9330975,0
36,1,25,-6077,-6415,350,47418,10072487,0
36,2,25,2627,1873,378,50625,9985840,0
36,3,25,3770,-243,325,42737,9459642,0
36,4,25,691,-8944,335,40285,9330116,0
36,5,25,-4495,-4495,385,47225,10001171,0
36,6,25,-256,-1017,314,46221,9854816,0
36,7,25,-1249,-4449,280,36567,9015855,0
36,8,3,-3118,-3575,26,3883,1052010,0
37,0,25,-69,-7216,350,33005,8359414,0
37,1,25,-4365,-7369,280,36135,9065776,0
37,2,25,-6181,-9625,417,48105,9800098,0
37,3,25,2646,2646,401,56904,10273109,0
37,4,25,5853,1421,309,42885,9147740,0
37,5,25,1982,282,230,29727,8449853,0
37,6,25,-1632,-2803,213,27999,8344817,0
37,7,25,-906,-3517,223,29292,8427704,0
37,8,17,-668,-1991,151,18738,5660291,0
38,0,25,-69,-10171,359,34862,8434371,0
38,1,25,-5912,-6442,296,38005,9134714,0
38,2,25,5208,1450,359,49461,9529529,0
38,3,25,2999,-10415,434,47957,9671356,0
38,4,25,1228,-432,306,47222,9699336,0
38,5,25,-1701,-3166,235,31301,8433021,0
38,6,25,-1130,-2442,187,25053,8086758,0
38,7,25,-1288,-2539,217,27406,8217506,0
38,8,6,-2889,-3178,53,6640,1973781,0
39,0,25,-69,-7219,253,24413,7750635,0
39,1,25,-5094,-5282,208,26741,8262213,0
39,2,25,-2245,-2245,207,27443,8225895,0
39,3,25,1250,-3038,238,31902,8361348,0
39,4,25,1268,-9945,300,32180,8438604,0
39,5,25,-9337,-10259,480,54600,10279765,0
39,6,25,-1534,-7721,327,55068,10132509,0
39,7,25,-8411,-10537,290,39332,8680486,0
39,8,15,-4869,-4926,97,12165,4626596,0
