record,request,frames,detected,score_a,score_b,head,cycles
0,0,25,0,-1073741824,-1073741824,-1073741824,980619
0,1,25,0,-1073741824,-1073741824,-1073741824,988966
0,2,25,0,-1073741824,-1073741824,-1073741824,986090
0,3,25,0,-1073741824,-1073741824,-1073741824,991848
0,4,25,0,-1073741824,-1073741824,-1073741824,988423
0,5,25,0,-1073741824,-1073741824,-1073741824,997731
0,6,25,0,-1073741824,-1073741824,-1073741824,1007761
0,7,25,7,0,-11034,5048,11684740
0,8,16,6,0,0,4976,11318920
1,0,25,0,-1073741824,-1073741824,-1073741824,999852
1,1,25,0,-1073741824,-1073741824,-1073741824,1013464
1,2,25,0,-1073741824,-1073741824,-1073741824,1003760
1,3,25,0,-1073741824,-1073741824,-1073741824,999901
1,4,25,0,-1073741824,-1073741824,-1073741824,997314
1,5,25,6,-23595,-33574,-4823,11694785
1,6,25,4,-30378,-36992,-5665,11698247
1,7,24,0,-1073741824,-1073741824,-1073741824,972795
2,0,25,0,-1073741824,-1073741824,-1073741824,980391
2,1,25,0,-1073741824,-1073741824,-1073741824,990772
2,2,25,0,-1073741824,-1073741824,-1073741824,1019077
2,3,25,0,-1073741824,-1073741824,-1073741824,1041977
2,4,25,0,-1073741824,-1073741824,-1073741824,1035523
2,5,25,7,0,0,2146,11724985
2,6,25,6,0,0,2768,11703074
2,7,25,4,0,0,2831,11679479
2,8,8,0,-1073741824,-1073741824,-1073741824,312397
3,0,25,0,-1073741824,-1073741824,-1073741824,977510
3,1,25,0,-1073741824,-1073741824,-1073741824,988570
3,2,25,0,-1073741824,-1073741824,-1073741824,984842
3,3,25,0,-1073741824,-1073741824,-1073741824,982198
3,4,25,0,-1073741824,-1073741824,-1073741824,984222
3,5,25,0,-1073741824,-1073741824,-1073741824,1009611
3,6,25,0,-1073741824,-1073741824,-1073741824,1024160
3,7,25,7,0,-29459,6120,11695016
3,8,13,6,0,0,6336,11205227
4,0,25,0,-1073741824,-1073741824,-1073741824,977501
4,1,25,0,-1073741824,-1073741824,-1073741824,987802
4,2,25,0,-1073741824,-1073741824,-1073741824,1013309
4,3,25,0,-1073741824,-1073741824,-1073741824,1036875
4,4,25,7,0,-22009,5822,11710307
4,5,25,6,0,0,5793,11682264
4,6,25,4,0,0,5972,11672989
4,7,25,0,-1073741824,-1073741824,-1073741824,976398
4,8,19,0,-1073741824,-1073741824,-1073741824,743006
5,0,25,0,-1073741824,-1073741824,-1073741824,985647
5,1,25,0,-1073741824,-1073741824,-1073741824,995225
5,2,25,0,-1073741824,-1073741824,-1073741824,992356
5,3,25,0,-1073741824,-1073741824,-1073741824,1021398
5,4,25,7,0,-31580,6309,11724732
5,5,25,6,0,0,6109,11693345
5,6,25,4,0,0,5979,11678556
5,7,25,0,-1073741824,-1073741824,-1073741824,979802
5,8,22,0,-1073741824,-1073741824,-1073741824,862801
6,0,25,0,-1073741824,-1073741824,-1073741824,977202
6,1,25,0,-1073741824,-1073741824,-1073741824,987870
6,2,25,0,-1073741824,-1073741824,-1073741824,987108
6,3,25,0,-1073741824,-1073741824,-1073741824,988019
6,4,25,0,-1073741824,-1073741824,-1073741824,1008049
6,5,25,7,0,-30519,5366,11694129
6,6,25,6,0,0,4953,11672011
6,7,25,4,0,0,4622,11671075
6,8,6,0,-1073741824,-1073741824,-1073741824,235438
7,0,25,0,-1073741824,-1073741824,-1073741824,987740
7,1,25,0,-1073741824,-1073741824,-1073741824,1000388
7,2,25,0,-1073741824,-1073741824,-1073741824,995874
7,3,25,0,-1073741824,-1073741824,-1073741824,1007193
7,4,25,0,-1073741824,-1073741824,-1073741824,1017873
7,5,25,7,0,-26103,5954,11700230
7,6,25,6,0,0,6016,11685061
7,7,25,4,0,0,5711,11682325
7,8,11,0,-1073741824,-1073741824,-1073741824,434217
8,0,25,0,-1073741824,-1073741824,-1073741824,986864
8,1,25,0,-1073741824,-1073741824,-1073741824,1004340
8,2,25,0,-1073741824,-1073741824,-1073741824,1010453
8,3,25,7,0,-32488,6272,11692070
8,4,25,6,0,0,6020,11674788
8,5,25,4,0,0,6162,11670342
8,6,25,0,-1073741824,-1073741824,-1073741824,977856
8,7,25,0,-1073741824,-1073741824,-1073741824,979131
8,8,12,0,-1073741824,-1073741824,-1073741824,470598
9,0,25,0,-1073741824,-1073741824,-1073741824,977701
9,1,25,0,-1073741824,-1073741824,-1073741824,986314
9,2,25,0,-1073741824,-1073741824,-1073741824,984700
9,3,25,0,-1073741824,-1073741824,-1073741824,988009
9,4,25,0,-1073741824,-1073741824,-1073741824,999026
9,5,25,7,0,-31284,5912,11687994
9,6,25,6,0,0,5877,11673660
9,7,25,4,0,0,5242,11668866
9,8,15,0,-1073741824,-1073741824,-1073741824,586935
10,0,25,0,-1073741824,-1073741824,-1073741824,1002584
10,1,25,0,-1073741824,-1073741824,-1073741824,1018094
10,2,25,0,-1073741824,-1073741824,-1073741824,1008362
10,3,25,0,-1073741824,-1073741824,-1073741824,1010837
10,4,25,0,-1073741824,-1073741824,-1073741824,1011968
10,5,25,6,-1665,-1665,201,11701750
10,6,25,6,-882,-882,1168,11696971
10,7,25,4,-3169,-3169,-302,11696954
10,8,1,0,-1073741824,-1073741824,-1073741824,40364
11,0,25,0,-1073741824,-1073741824,-1073741824,977248
11,1,25,0,-1073741824,-1073741824,-1073741824,987314
11,2,25,0,-1073741824,-1073741824,-1073741824,984552
11,3,25,0,-1073741824,-1073741824,-1073741824,986894
11,4,25,0,-1073741824,-1073741824,-1073741824,1004256
11,5,25,7,0,-40285,6026,11691921
11,6,25,6,0,0,5674,11673157
11,7,25,4,0,0,5932,11670548
11,8,8,0,-1073741824,-1073741824,-1073741824,313797
12,0,25,0,-1073741824,-1073741824,-1073741824,979411
12,1,25,0,-1073741824,-1073741824,-1073741824,996256
12,2,25,0,-1073741824,-1073741824,-1073741824,1002350
12,3,25,0,-1073741824,-1073741824,-1073741824,999006
12,4,25,0,-1073741824,-1073741824,-1073741824,983789
12,5,25,0,-1073741824,-1073741824,-1073741824,976844
12,6,25,0,-1073741824,-1073741824,-1073741824,978816
12,7,25,0,-1073741824,-1073741824,-1073741824,978915
12,8,12,0,-1073741824,-1073741824,-1073741824,470698
13,0,25,0,-1073741824,-1073741824,-1073741824,1006400
13,1,25,0,-1073741824,-1073741824,-1073741824,1023800
13,2,25,0,-1073741824,-1073741824,-1073741824,1016459
13,3,25,0,-1073741824,-1073741824,-1073741824,1017813
13,4,25,0,-1073741824,-1073741824,-1073741824,1008737
13,5,25,0,-1073741824,-1073741824,-1073741824,1001116
13,6,25,0,-1073741824,-1073741824,-1073741824,1000682
13,7,25,0,-1073741824,-1073741824,-1073741824,1001450
13,8,7,0,-1073741824,-1073741824,-1073741824,280725
14,0,25,0,-1073741824,-1073741824,-1073741824,977549
14,1,25,0,-1073741824,-1073741824,-1073741824,986835
14,2,25,0,-1073741824,-1073741824,-1073741824,985840
14,3,25,0,-1073741824,-1073741824,-1073741824,987186
14,4,25,0,-1073741824,-1073741824,-1073741824,1004366
14,5,25,0,-1073741824,-1073741824,-1073741824,1003448
14,6,25,0,-1073741824,-1073741824,-1073741824,1012347
14,7,25,0,-1073741824,-1073741824,-1073741824,1017818
14,8,17,0,-1073741824,-1073741824,-1073741824,674635
15,0,25,0,-1073741824,-1073741824,-1073741824,993547
15,1,25,0,-1073741824,-1073741824,-1073741824,1018244
15,2,25,0,-1073741824,-1073741824,-1073741824,994512
15,3,25,0,-1073741824,-1073741824,-1073741824,981018
15,4,25,0,-1073741824,-1073741824,-1073741824,981830
15,5,25,0,-1073741824,-1073741824,-1073741824,982911
15,6,25,0,-1073741824,-1073741824,-1073741824,983144
15,7,25,0,-1073741824,-1073741824,-1073741824,983396
15,8,2,0,-1073741824,-1073741824,-1073741824,78860
16,0,25,0,-1073741824,-1073741824,-1073741824,1003160
16,1,25,0,-1073741824,-1073741824,-1073741824,1017819
16,2,25,0,-1073741824,-1073741824,-1073741824,1008471
16,3,25,0,-1073741824,-1073741824,-1073741824,1002556
16,4,25,0,-1073741824,-1073741824,-1073741824,1001155
16,5,25,0,-1073741824,-1073741824,-1073741824,1003539
16,6,25,0,-1073741824,-1073741824,-1073741824,1000590
16,7,25,0,-1073741824,-1073741824,-1073741824,996765
16,8,1,0,-1073741824,-1073741824,-1073741824,40302
17,0,25,0,-1073741824,-1073741824,-1073741824,980389
17,1,25,0,-1073741824,-1073741824,-1073741824,993991
17,2,25,0,-1073741824,-1073741824,-1073741824,999528
17,3,25,0,-1073741824,-1073741824,-1073741824,989448
17,4,25,0,-1073741824,-1073741824,-1073741824,979492
17,5,25,0,-1073741824,-1073741824,-1073741824,979603
17,6,25,0,-1073741824,-1073741824,-1073741824,979672
17,7,25,0,-1073741824,-1073741824,-1073741824,980239
17,8,14,0,-1073741824,-1073741824,-1073741824,549509
18,0,25,0,-1073741824,-1073741824,-1073741824,979558
18,1,25,0,-1073741824,-1073741824,-1073741824,990857
18,2,25,0,-1073741824,-1073741824,-1073741824,987225
18,3,25,0,-1073741824,-1073741824,-1073741824,994774
18,4,25,0,-1073741824,-1073741824,-1073741824,1015612
18,5,25,0,-1073741824,-1073741824,-1073741824,999921
18,6,25,0,-1073741824,-1073741824,-1073741824,981039
18,7,25,0,-1073741824,-1073741824,-1073741824,979686
18,8,12,0,-1073741824,-1073741824,-1073741824,470817
19,0,25,0,-1073741824,-1073741824,-1073741824,978749
19,1,25,0,-1073741824,-1073741824,-1073741824,989385
19,2,25,0,-1073741824,-1073741824,-1073741824,994469
19,3,25,0,-1073741824,-1073741824,-1073741824,1012358
19,4,25,0,-1073741824,-1073741824,-1073741824,996506
19,5,25,0,-1073741824,-1073741824,-1073741824,977793
19,6,25,0,-1073741824,-1073741824,-1073741824,978118
19,7,25,0,-1073741824,-1073741824,-1073741824,980403
19,8,21,0,-1073741824,-1073741824,-1073741824,824386
20,0,25,0,-1073741824,-1073741824,-1073741824,979165
20,1,25,0,-1073741824,-1073741824,-1073741824,991171
20,2,25,0,-1073741824,-1073741824,-1073741824,988290
20,3,25,0,-1073741824,-1073741824,-1073741824,985342
20,4,25,0,-1073741824,-1073741824,-1073741824,997963
20,5,25,0,-1073741824,-1073741824,-1073741824,1024441
20,6,25,0,-1073741824,-1073741824,-1073741824,1006625
20,7,25,0,-1073741824,-1073741824,-1073741824,980931
20,8,8,0,-1073741824,-1073741824,-1073741824,313212
21,0,25,0,-1073741824,-1073741824,-1073741824,977825
21,1,25,0,-1073741824,-1073741824,-1073741824,1007239
21,2,25,0,-1073741824,-1073741824,-1073741824,998365
21,3,25,0,-1073741824,-1073741824,-1073741824,980715
21,4,25,0,-1073741824,-1073741824,-1073741824,980805
21,5,25,0,-1073741824,-1073741824,-1073741824,980580
21,6,25,0,-1073741824,-1073741824,-1073741824,981785
21,7,25,0,-1073741824,-1073741824,-1073741824,982184
22,0,25,0,-1073741824,-1073741824,-1073741824,997923
22,1,25,0,-1073741824,-1073741824,-1073741824,1011848
22,2,25,0,-1073741824,-1073741824,-1073741824,1003084
22,3,25,0,-1073741824,-1073741824,-1073741824,999349
22,4,25,6,-19595,-35669,-3951,11694227
22,5,25,4,-24192,-36874,-4801,11693203
22,6,25,0,-1073741824,-1073741824,-1073741824,999771
22,7,25,0,-1073741824,-1073741824,-1073741824,998942
22,8,15,0,-1073741824,-1073741824,-1073741824,596035
23,0,25,0,-1073741824,-1073741824,-1073741824,989997
23,1,25,0,-1073741824,-1073741824,-1073741824,1007067
23,2,25,0,-1073741824,-1073741824,-1073741824,1000687
23,3,25,0,-1073741824,-1073741824,-1073741824,999104
23,4,25,0,-1073741824,-1073741824,-1073741824,1016859
23,5,25,0,-1073741824,-1073741824,-1073741824,1000901
23,6,25,0,-1073741824,-1073741824,-1073741824,986837
23,7,25,0,-1073741824,-1073741824,-1073741824,988488
23,8,21,0,-1073741824,-1073741824,-1073741824,830420
24,0,25,0,-1073741824,-1073741824,-1073741824,978089
24,1,25,0,-1073741824,-1073741824,-1073741824,988372
24,2,25,0,-1073741824,-1073741824,-1073741824,986725
24,3,25,0,-1073741824,-1073741824,-1073741824,985998
24,4,25,0,-1073741824,-1073741824,-1073741824,992088
24,5,25,0,-1073741824,-1073741824,-1073741824,1005923
24,6,25,0,-1073741824,-1073741824,-1073741824,1004897
24,7,25,0,-1073741824,-1073741824,-1073741824,987996
24,8,25,0,-1073741824,-1073741824,-1073741824,980020
24,9,25,0,-1073741824,-1073741824,-1073741824,989040
24,10,25,0,-1073741824,-1073741824,-1073741824,997587
24,11,25,0,-1073741824,-1073741824,-1073741824,992590
24,12,25,0,-1073741824,-1073741824,-1073741824,989415
24,13,25,0,-1073741824,-1073741824,-1073741824,987278
24,14,25,0,-1073741824,-1073741824,-1073741824,983243
24,15,25,0,-1073741824,-1073741824,-1073741824,982590
24,16,25,0,-1073741824,-1073741824,-1073741824,983641
24,17,25,0,-1073741824,-1073741824,-1073741824,983694
24,18,25,0,-1073741824,-1073741824,-1073741824,984922
24,19,25,0,-1073741824,-1073741824,-1073741824,983920
24,20,25,0,-1073741824,-1073741824,-1073741824,984085
24,21,25,0,-1073741824,-1073741824,-1073741824,984634
24,22,25,0,-1073741824,-1073741824,-1073741824,998799
24,23,25,0,-1073741824,-1073741824,-1073741824,1020969
24,24,25,0,-1073741824,-1073741824,-1073741824,1000974
24,25,25,0,-1073741824,-1073741824,-1073741824,981618
24,26,25,0,-1073741824,-1073741824,-1073741824,981198
24,27,25,0,-1073741824,-1073741824,-1073741824,981875
24,28,25,0,-1073741824,-1073741824,-1073741824,983156
24,29,25,0,-1073741824,-1073741824,-1073741824,983115
24,30,25,0,-1073741824,-1073741824,-1073741824,983509
24,31,25,0,-1073741824,-1073741824,-1073741824,984851
24,32,25,0,-1073741824,-1073741824,-1073741824,984182
24,33,25,0,-1073741824,-1073741824,-1073741824,995674
24,34,25,0,-1073741824,-1073741824,-1073741824,1014736
24,35,25,0,-1073741824,-1073741824,-1073741824,1012392
24,36,25,0,-1073741824,-1073741824,-1073741824,997181
24,37,25,0,-1073741824,-1073741824,-1073741824,995937
24,38,25,0,-1073741824,-1073741824,-1073741824,998435
24,39,25,6,-6901,-11094,-4897,11692711
24,40,25,6,-7101,-7970,-4682,11683967
24,41,25,4,-3876,-3876,-5218,11680964
24,42,25,0,-1073741824,-1073741824,-1073741824,990425
24,43,25,0,-1073741824,-1073741824,-1073741824,999312
24,44,25,6,-5277,-5277,-5463,11694958
24,45,25,6,-9483,-9483,-5815,11687155
24,46,25,4,-9195,-9195,-6043,11682139
24,47,25,0,-1073741824,-1073741824,-1073741824,982785
24,48,25,0,-1073741824,-1073741824,-1073741824,981739
24,49,25,0,-1073741824,-1073741824,-1073741824,984075
24,50,25,0,-1073741824,-1073741824,-1073741824,988309
24,51,25,0,-1073741824,-1073741824,-1073741824,988704
24,52,25,0,-1073741824,-1073741824,-1073741824,989250
24,53,25,0,-1073741824,-1073741824,-1073741824,989051
24,54,25,0,-1073741824,-1073741824,-1073741824,988957
24,55,25,0,-1073741824,-1073741824,-1073741824,989293
24,56,25,0,-1073741824,-1073741824,-1073741824,998570
24,57,25,0,-1073741824,-1073741824,-1073741824,1005084
24,58,25,0,-1073741824,-1073741824,-1073741824,1003311
24,59,25,0,-1073741824,-1073741824,-1073741824,1002128
24,60,25,0,-1073741824,-1073741824,-1073741824,997025
24,61,25,0,-1073741824,-1073741824,-1073741824,994811
24,62,25,0,-1073741824,-1073741824,-1073741824,1001931
24,63,25,0,-1073741824,-1073741824,-1073741824,995847
24,64,25,0,-1073741824,-1073741824,-1073741824,984968
24,65,25,0,-1073741824,-1073741824,-1073741824,985389
24,66,25,0,-1073741824,-1073741824,-1073741824,987178
24,67,25,0,-1073741824,-1073741824,-1073741824,988324
24,68,25,0,-1073741824,-1073741824,-1073741824,988636
24,69,25,0,-1073741824,-1073741824,-1073741824,989326
24,70,25,0,-1073741824,-1073741824,-1073741824,989054
24,71,25,0,-1073741824,-1073741824,-1073741824,998694
24,72,25,0,-1073741824,-1073741824,-1073741824,1017606
24,73,25,0,-1073741824,-1073741824,-1073741824,1004028
24,74,25,0,-1073741824,-1073741824,-1073741824,989813
24,75,25,0,-1073741824,-1073741824,-1073741824,997542
24,76,25,0,-1073741824,-1073741824,-1073741824,1001642
24,77,25,0,-1073741824,-1073741824,-1073741824,1000640
24,78,25,0,-1073741824,-1073741824,-1073741824,1005382
24,79,25,6,-8719,-12625,-5862,11695014
24,80,25,4,-4402,-5793,-5934,11689107
24,81,25,0,-1073741824,-1073741824,-1073741824,993703
24,82,25,0,-1073741824,-1073741824,-1073741824,1005907
24,83,25,0,-1073741824,-1073741824,-1073741824,1008131
24,84,25,0,-1073741824,-1073741824,-1073741824,1002495
24,85,25,0,-1073741824,-1073741824,-1073741824,990850
24,86,25,0,-1073741824,-1073741824,-1073741824,988034
24,87,25,0,-1073741824,-1073741824,-1073741824,1003398
24,88,25,0,-1073741824,-1073741824,-1073741824,1009943
24,89,25,0,-1073741824,-1073741824,-1073741824,1001271
24,90,25,0,-1073741824,-1073741824,-1073741824,995096
24,91,25,0,-1073741824,-1073741824,-1073741824,998089
24,92,25,0,-1073741824,-1073741824,-1073741824,995246
24,93,25,0,-1073741824,-1073741824,-1073741824,999841
24,94,25,0,-1073741824,-1073741824,-1073741824,1008493
24,95,25,0,-1073741824,-1073741824,-1073741824,996851
24,96,25,0,-1073741824,-1073741824,-1073741824,996181
24,97,25,0,-1073741824,-1073741824,-1073741824,995129
24,98,25,0,-1073741824,-1073741824,-1073741824,980014
24,99,25,0,-1073741824,-1073741824,-1073741824,975585
24,100,25,0,-1073741824,-1073741824,-1073741824,976137
24,101,25,0,-1073741824,-1073741824,-1073741824,976895
24,102,25,0,-1073741824,-1073741824,-1073741824,977050
24,103,25,0,-1073741824,-1073741824,-1073741824,977949
24,104,25,0,-1073741824,-1073741824,-1073741824,977834
24,105,25,0,-1073741824,-1073741824,-1073741824,977994
24,106,25,0,-1073741824,-1073741824,-1073741824,980279
24,107,25,0,-1073741824,-1073741824,-1073741824,979702
24,108,25,0,-1073741824,-1073741824,-1073741824,979321
24,109,25,0,-1073741824,-1073741824,-1073741824,996985
24,110,25,0,-1073741824,-1073741824,-1073741824,1005898
24,111,25,0,-1073741824,-1073741824,-1073741824,997838
24,112,25,0,-1073741824,-1073741824,-1073741824,987527
24,113,25,0,-1073741824,-1073741824,-1073741824,988799
24,114,25,0,-1073741824,-1073741824,-1073741824,989643
24,115,25,0,-1073741824,-1073741824,-1073741824,992191
24,116,25,0,-1073741824,-1073741824,-1073741824,999170
24,117,25,0,-1073741824,-1073741824,-1073741824,994824
24,118,25,0,-1073741824,-1073741824,-1073741824,987071
24,119,25,0,-1073741824,-1073741824,-1073741824,994934
25,0,25,0,-1073741824,-1073741824,-1073741824,1004149
25,1,25,0,-1073741824,-1073741824,-1073741824,1026578
25,2,25,0,-1073741824,-1073741824,-1073741824,1016709
25,3,25,0,-1073741824,-1073741824,-1073741824,1004496
25,4,25,0,-1073741824,-1073741824,-1073741824,1000790
25,5,25,0,-1073741824,-1073741824,-1073741824,992641
25,6,25,0,-1073741824,-1073741824,-1073741824,986973
25,7,25,0,-1073741824,-1073741824,-1073741824,986959
25,8,25,0,-1073741824,-1073741824,-1073741824,1006693
25,9,25,0,-1073741824,-1073741824,-1073741824,1009822
25,10,25,0,-1073741824,-1073741824,-1073741824,1010513
25,11,25,0,-1073741824,-1073741824,-1073741824,1008566
25,12,25,0,-1073741824,-1073741824,-1073741824,1000081
25,13,25,0,-1073741824,-1073741824,-1073741824,994441
25,14,25,0,-1073741824,-1073741824,-1073741824,997271
25,15,25,0,-1073741824,-1073741824,-1073741824,1000760
25,16,25,0,-1073741824,-1073741824,-1073741824,990972
25,17,25,0,-1073741824,-1073741824,-1073741824,986046
25,18,25,0,-1073741824,-1073741824,-1073741824,986963
25,19,25,0,-1073741824,-1073741824,-1073741824,987006
25,20,25,0,-1073741824,-1073741824,-1073741824,987304
25,21,25,0,-1073741824,-1073741824,-1073741824,987564
25,22,25,0,-1073741824,-1073741824,-1073741824,987447
25,23,25,0,-1073741824,-1073741824,-1073741824,987476
25,24,25,0,-1073741824,-1073741824,-1073741824,989282
25,25,25,0,-1073741824,-1073741824,-1073741824,997984
25,26,25,0,-1073741824,-1073741824,-1073741824,1003126
25,27,25,6,-4565,-4565,-1126,11688452
25,28,25,6,-4973,-6907,-1980,11680502
25,29,25,4,-7431,-7431,-3308,11679785
25,30,25,0,-1073741824,-1073741824,-1073741824,987259
25,31,25,0,-1073741824,-1073741824,-1073741824,987433
25,32,25,0,-1073741824,-1073741824,-1073741824,1008896
25,33,25,0,-1073741824,-1073741824,-1073741824,1030353
25,34,25,0,-1073741824,-1073741824,-1073741824,1011363
25,35,25,0,-1073741824,-1073741824,-1073741824,986926
25,36,25,0,-1073741824,-1073741824,-1073741824,982155
25,37,25,0,-1073741824,-1073741824,-1073741824,986604
25,38,25,0,-1073741824,-1073741824,-1073741824,1008004
25,39,25,6,-9268,-16718,-3590,11709140
25,40,25,6,-2905,-2905,-1014,11686481
25,41,25,4,-8648,-8648,-3417,11679346
25,42,25,0,-1073741824,-1073741824,-1073741824,984151
25,43,25,0,-1073741824,-1073741824,-1073741824,984661
25,44,25,0,-1073741824,-1073741824,-1073741824,985493
25,45,25,0,-1073741824,-1073741824,-1073741824,985243
25,46,25,0,-1073741824,-1073741824,-1073741824,986345
25,47,25,0,-1073741824,-1073741824,-1073741824,988549
25,48,25,0,-1073741824,-1073741824,-1073741824,1006706
25,49,25,0,-1073741824,-1073741824,-1073741824,1004231
25,50,25,0,-1073741824,-1073741824,-1073741824,986122
25,51,25,0,-1073741824,-1073741824,-1073741824,983842
25,52,25,0,-1073741824,-1073741824,-1073741824,984969
25,53,25,0,-1073741824,-1073741824,-1073741824,989364
25,54,25,0,-1073741824,-1073741824,-1073741824,995884
25,55,25,0,-1073741824,-1073741824,-1073741824,989220
25,56,25,0,-1073741824,-1073741824,-1073741824,983907
25,57,25,0,-1073741824,-1073741824,-1073741824,984621
25,58,25,0,-1073741824,-1073741824,-1073741824,985404
25,59,25,0,-1073741824,-1073741824,-1073741824,985031
25,60,25,0,-1073741824,-1073741824,-1073741824,985352
25,61,25,0,-1073741824,-1073741824,-1073741824,984238
25,62,25,0,-1073741824,-1073741824,-1073741824,985502
25,63,25,0,-1073741824,-1073741824,-1073741824,985615
25,64,25,0,-1073741824,-1073741824,-1073741824,994624
25,65,25,0,-1073741824,-1073741824,-1073741824,1011212
25,66,25,0,-1073741824,-1073741824,-1073741824,999991
25,67,25,0,-1073741824,-1073741824,-1073741824,979497
25,68,25,0,-1073741824,-1073741824,-1073741824,977241
25,69,25,0,-1073741824,-1073741824,-1073741824,976740
25,70,25,0,-1073741824,-1073741824,-1073741824,977447
25,71,25,0,-1073741824,-1073741824,-1073741824,977786
25,72,25,0,-1073741824,-1073741824,-1073741824,979272
25,73,25,0,-1073741824,-1073741824,-1073741824,979316
25,74,25,0,-1073741824,-1073741824,-1073741824,978787
25,75,25,0,-1073741824,-1073741824,-1073741824,990447
25,76,25,0,-1073741824,-1073741824,-1073741824,1020849
25,77,25,0,-1073741824,-1073741824,-1073741824,1020982
25,78,25,0,-1073741824,-1073741824,-1073741824,1001596
25,79,25,0,-1073741824,-1073741824,-1073741824,991279
25,80,25,0,-1073741824,-1073741824,-1073741824,995541
25,81,25,0,-1073741824,-1073741824,-1073741824,996206
25,82,25,6,-12777,-12777,-5471,11685785
25,83,25,4,-12833,-12931,-5681,11681594
25,84,25,0,-1073741824,-1073741824,-1073741824,979026
25,85,25,0,-1073741824,-1073741824,-1073741824,975834
25,86,25,0,-1073741824,-1073741824,-1073741824,977157
25,87,25,0,-1073741824,-1073741824,-1073741824,978969
25,88,25,0,-1073741824,-1073741824,-1073741824,979824
25,89,25,0,-1073741824,-1073741824,-1073741824,983510
25,90,25,0,-1073741824,-1073741824,-1073741824,1000498
25,91,25,0,-1073741824,-1073741824,-1073741824,1007761
25,92,25,0,-1073741824,-1073741824,-1073741824,998913
25,93,25,0,-1073741824,-1073741824,-1073741824,1000791
25,94,25,0,-1073741824,-1073741824,-1073741824,999634
25,95,25,0,-1073741824,-1073741824,-1073741824,1002099
25,96,25,0,-1073741824,-1073741824,-1073741824,991962
25,97,25,0,-1073741824,-1073741824,-1073741824,996611
25,98,25,0,-1073741824,-1073741824,-1073741824,1001011
25,99,25,0,-1073741824,-1073741824,-1073741824,992814
25,100,25,0,-1073741824,-1073741824,-1073741824,993614
25,101,25,0,-1073741824,-1073741824,-1073741824,989234
25,102,25,0,-1073741824,-1073741824,-1073741824,982328
25,103,25,0,-1073741824,-1073741824,-1073741824,997534
25,104,25,0,-1073741824,-1073741824,-1073741824,1006340
25,105,25,6,-5671,-9557,-5247,11696518
25,106,25,4,-3264,-7505,-5189,11689969
25,107,25,0,-1073741824,-1073741824,-1073741824,996929
25,108,25,0,-1073741824,-1073741824,-1073741824,996382
25,109,25,0,-1073741824,-1073741824,-1073741824,1001466
25,110,25,0,-1073741824,-1073741824,-1073741824,1000577
25,111,25,0,-1073741824,-1073741824,-1073741824,993798
25,112,25,0,-1073741824,-1073741824,-1073741824,989782
25,113,25,0,-1073741824,-1073741824,-1073741824,989334
25,114,25,0,-1073741824,-1073741824,-1073741824,998194
25,115,25,0,-1073741824,-1073741824,-1073741824,1008714
25,116,25,0,-1073741824,-1073741824,-1073741824,1013395
25,117,25,0,-1073741824,-1073741824,-1073741824,1029268
25,118,25,0,-1073741824,-1073741824,-1073741824,1030469
25,119,25,0,-1073741824,-1073741824,-1073741824,1017526
26,0,25,0,-1073741824,-1073741824,-1073741824,997388
26,1,25,0,-1073741824,-1073741824,-1073741824,1010079
26,2,25,0,-1073741824,-1073741824,-1073741824,1013346
26,3,25,0,-1073741824,-1073741824,-1073741824,1005791
26,4,25,0,-1073741824,-1073741824,-1073741824,994684
26,5,25,0,-1073741824,-1073741824,-1073741824,996929
26,6,25,0,-1073741824,-1073741824,-1073741824,994075
26,7,25,0,-1073741824,-1073741824,-1073741824,992947
26,8,25,0,-1073741824,-1073741824,-1073741824,994031
26,9,25,0,-1073741824,-1073741824,-1073741824,994238
26,10,25,0,-1073741824,-1073741824,-1073741824,1001839
26,11,25,0,-1073741824,-1073741824,-1073741824,1004996
26,12,25,0,-1073741824,-1073741824,-1073741824,1004701
26,13,25,0,-1073741824,-1073741824,-1073741824,997478
26,14,25,0,-1073741824,-1073741824,-1073741824,991384
26,15,25,0,-1073741824,-1073741824,-1073741824,994975
26,16,25,0,-1073741824,-1073741824,-1073741824,992806
26,17,25,0,-1073741824,-1073741824,-1073741824,994637
26,18,25,0,-1073741824,-1073741824,-1073741824,997487
26,19,25,0,-1073741824,-1073741824,-1073741824,981231
26,20,25,0,-1073741824,-1073741824,-1073741824,976162
26,21,25,0,-1073741824,-1073741824,-1073741824,997813
26,22,25,0,-1073741824,-1073741824,-1073741824,1006912
26,23,25,0,-1073741824,-1073741824,-1073741824,1000109
26,24,25,0,-1073741824,-1073741824,-1073741824,994615
26,25,25,0,-1073741824,-1073741824,-1073741824,989132
26,26,25,0,-1073741824,-1073741824,-1073741824,999173
26,27,25,0,-1073741824,-1073741824,-1073741824,997993
26,28,25,0,-1073741824,-1073741824,-1073741824,984678
26,29,25,0,-1073741824,-1073741824,-1073741824,976702
26,30,25,0,-1073741824,-1073741824,-1073741824,977563
26,31,25,0,-1073741824,-1073741824,-1073741824,980008
26,32,25,0,-1073741824,-1073741824,-1073741824,980610
26,33,25,0,-1073741824,-1073741824,-1073741824,981147
26,34,25,0,-1073741824,-1073741824,-1073741824,981558
26,35,25,0,-1073741824,-1073741824,-1073741824,982177
26,36,25,0,-1073741824,-1073741824,-1073741824,983657
26,37,25,0,-1073741824,-1073741824,-1073741824,1009149
26,38,25,0,-1073741824,-1073741824,-1073741824,1020783
26,39,25,6,0,-206,1550,11700925
26,40,25,7,0,-2754,1961,11692063
26,41,25,4,0,-1165,212,11693815
26,42,25,0,-1073741824,-1073741824,-1073741824,1000498
26,43,25,0,-1073741824,-1073741824,-1073741824,1005901
26,44,25,0,-1073741824,-1073741824,-1073741824,1000401
26,45,25,0,-1073741824,-1073741824,-1073741824,1002065
26,46,25,0,-1073741824,-1073741824,-1073741824,992451
26,47,25,0,-1073741824,-1073741824,-1073741824,991762
26,48,25,0,-1073741824,-1073741824,-1073741824,1007074
26,49,25,0,-1073741824,-1073741824,-1073741824,1004864
26,50,25,0,-1073741824,-1073741824,-1073741824,997123
26,51,25,0,-1073741824,-1073741824,-1073741824,993802
26,52,25,0,-1073741824,-1073741824,-1073741824,990554
26,53,25,0,-1073741824,-1073741824,-1073741824,981509
26,54,25,0,-1073741824,-1073741824,-1073741824,997957
26,55,25,0,-1073741824,-1073741824,-1073741824,1004207
26,56,25,0,-1073741824,-1073741824,-1073741824,1001258
26,57,25,0,-1073741824,-1073741824,-1073741824,997274
26,58,25,0,-1073741824,-1073741824,-1073741824,999457
26,59,25,0,-1073741824,-1073741824,-1073741824,1003032
26,60,25,0,-1073741824,-1073741824,-1073741824,994027
26,61,25,0,-1073741824,-1073741824,-1073741824,998995
26,62,25,0,-1073741824,-1073741824,-1073741824,1002345
26,63,25,0,-1073741824,-1073741824,-1073741824,998612
26,64,25,0,-1073741824,-1073741824,-1073741824,991599
26,65,25,0,-1073741824,-1073741824,-1073741824,997274
26,66,25,0,-1073741824,-1073741824,-1073741824,1006064
26,67,25,0,-1073741824,-1073741824,-1073741824,1003292
26,68,25,0,-1073741824,-1073741824,-1073741824,999241
26,69,25,0,-1073741824,-1073741824,-1073741824,998874
26,70,25,0,-1073741824,-1073741824,-1073741824,985825
26,71,25,0,-1073741824,-1073741824,-1073741824,976418
26,72,25,0,-1073741824,-1073741824,-1073741824,977528
26,73,25,0,-1073741824,-1073741824,-1073741824,977751
26,74,25,0,-1073741824,-1073741824,-1073741824,979506
26,75,25,0,-1073741824,-1073741824,-1073741824,979330
26,76,25,0,-1073741824,-1073741824,-1073741824,987925
26,77,25,0,-1073741824,-1073741824,-1073741824,994294
26,78,25,0,-1073741824,-1073741824,-1073741824,1013355
26,79,25,0,-1073741824,-1073741824,-1073741824,1002083
26,80,25,0,-1073741824,-1073741824,-1073741824,980204
26,81,25,0,-1073741824,-1073741824,-1073741824,978040
26,82,25,0,-1073741824,-1073741824,-1073741824,979839
26,83,25,0,-1073741824,-1073741824,-1073741824,980511
26,84,25,0,-1073741824,-1073741824,-1073741824,980917
26,85,25,0,-1073741824,-1073741824,-1073741824,980906
26,86,25,0,-1073741824,-1073741824,-1073741824,981230
26,87,25,0,-1073741824,-1073741824,-1073741824,981315
26,88,25,0,-1073741824,-1073741824,-1073741824,980529
26,89,25,0,-1073741824,-1073741824,-1073741824,1000041
26,90,25,0,-1073741824,-1073741824,-1073741824,1003703
26,91,25,0,-1073741824,-1073741824,-1073741824,995532
26,92,25,0,-1073741824,-1073741824,-1073741824,1002174
26,93,25,0,-1073741824,-1073741824,-1073741824,1003287
26,94,25,0,-1073741824,-1073741824,-1073741824,1002098
26,95,25,0,-1073741824,-1073741824,-1073741824,997666
26,96,25,0,-1073741824,-1073741824,-1073741824,991186
26,97,25,0,-1073741824,-1073741824,-1073741824,999736
26,98,25,0,-1073741824,-1073741824,-1073741824,1000840
26,99,25,0,-1073741824,-1073741824,-1073741824,994336
26,100,25,0,-1073741824,-1073741824,-1073741824,993927
26,101,25,0,-1073741824,-1073741824,-1073741824,985658
26,102,25,0,-1073741824,-1073741824,-1073741824,990657
26,103,25,0,-1073741824,-1073741824,-1073741824,1004757
26,104,25,0,-1073741824,-1073741824,-1073741824,995902
26,105,25,0,-1073741824,-1073741824,-1073741824,992631
26,106,25,0,-1073741824,-1073741824,-1073741824,999437
26,107,25,0,-1073741824,-1073741824,-1073741824,997633
26,108,25,0,-1073741824,-1073741824,-1073741824,984461
26,109,25,0,-1073741824,-1073741824,-1073741824,975658
26,110,25,0,-1073741824,-1073741824,-1073741824,987724
26,111,25,0,-1073741824,-1073741824,-1073741824,1005341
26,112,25,0,-1073741824,-1073741824,-1073741824,1001695
26,113,25,0,-1073741824,-1073741824,-1073741824,1001631
26,114,25,0,-1073741824,-1073741824,-1073741824,997800
26,115,25,0,-1073741824,-1073741824,-1073741824,997272
26,116,25,0,-1073741824,-1073741824,-1073741824,1011421
26,117,25,0,-1073741824,-1073741824,-1073741824,1009721
26,118,25,0,-1073741824,-1073741824,-1073741824,1007726
26,119,25,0,-1073741824,-1073741824,-1073741824,1013307
27,0,25,0,-1073741824,-1073741824,-1073741824,1002451
27,1,25,0,-1073741824,-1073741824,-1073741824,1017181
27,2,25,0,-1073741824,-1073741824,-1073741824,1008242
27,3,25,0,-1073741824,-1073741824,-1073741824,1002790
27,4,25,0,-1073741824,-1073741824,-1073741824,999683
27,5,25,0,-1073741824,-1073741824,-1073741824,999354
27,6,25,0,-1073741824,-1073741824,-1073741824,1003893
27,7,25,0,-1073741824,-1073741824,-1073741824,1013516
27,8,25,0,-1073741824,-1073741824,-1073741824,1010165
27,9,25,0,-1073741824,-1073741824,-1073741824,999777
27,10,25,0,-1073741824,-1073741824,-1073741824,993325
27,11,25,0,-1073741824,-1073741824,-1073741824,998095
27,12,25,0,-1073741824,-1073741824,-1073741824,998687
27,13,25,0,-1073741824,-1073741824,-1073741824,998015
27,14,25,0,-1073741824,-1073741824,-1073741824,994180
27,15,25,0,-1073741824,-1073741824,-1073741824,993592
27,16,25,0,-1073741824,-1073741824,-1073741824,994291
27,17,25,0,-1073741824,-1073741824,-1073741824,996938
27,18,25,0,-1073741824,-1073741824,-1073741824,997589
27,19,25,0,-1073741824,-1073741824,-1073741824,992906
27,20,25,0,-1073741824,-1073741824,-1073741824,987773
27,21,25,0,-1073741824,-1073741824,-1073741824,986711
27,22,25,0,-1073741824,-1073741824,-1073741824,987800
27,23,25,0,-1073741824,-1073741824,-1073741824,988647
27,24,25,0,-1073741824,-1073741824,-1073741824,989014
27,25,25,0,-1073741824,-1073741824,-1073741824,989204
27,26,25,0,-1073741824,-1073741824,-1073741824,989249
27,27,25,0,-1073741824,-1073741824,-1073741824,989151
27,28,25,0,-1073741824,-1073741824,-1073741824,990054
27,29,25,0,-1073741824,-1073741824,-1073741824,998435
27,30,25,0,-1073741824,-1073741824,-1073741824,995595
27,31,25,0,-1073741824,-1073741824,-1073741824,987400
27,32,25,0,-1073741824,-1073741824,-1073741824,987551
27,33,25,0,-1073741824,-1073741824,-1073741824,988470
27,34,25,0,-1073741824,-1073741824,-1073741824,989331
27,35,25,0,-1073741824,-1073741824,-1073741824,989197
27,36,25,0,-1073741824,-1073741824,-1073741824,989289
27,37,25,0,-1073741824,-1073741824,-1073741824,1000989
27,38,25,0,-1073741824,-1073741824,-1073741824,1011982
27,39,25,6,-11244,-13425,-4457,11702012
27,40,25,4,-7013,-10409,-4942,11692750
27,41,25,0,-1073741824,-1073741824,-1073741824,994452
27,42,25,0,-1073741824,-1073741824,-1073741824,1006603
27,43,25,0,-1073741824,-1073741824,-1073741824,1008040
27,44,25,0,-1073741824,-1073741824,-1073741824,996879
27,45,25,0,-1073741824,-1073741824,-1073741824,997679
27,46,25,0,-1073741824,-1073741824,-1073741824,1002331
27,47,25,0,-1073741824,-1073741824,-1073741824,999020
27,48,25,0,-1073741824,-1073741824,-1073741824,995910
27,49,25,0,-1073741824,-1073741824,-1073741824,992810
27,50,25,0,-1073741824,-1073741824,-1073741824,986805
27,51,25,0,-1073741824,-1073741824,-1073741824,982362
27,52,25,0,-1073741824,-1073741824,-1073741824,978648
27,53,25,0,-1073741824,-1073741824,-1073741824,987505
27,54,25,0,-1073741824,-1073741824,-1073741824,1009658
27,55,25,0,-1073741824,-1073741824,-1073741824,1013761
27,56,25,0,-1073741824,-1073741824,-1073741824,1003826
27,57,25,0,-1073741824,-1073741824,-1073741824,994494
27,58,25,0,-1073741824,-1073741824,-1073741824,997543
27,59,25,0,-1073741824,-1073741824,-1073741824,994593
27,60,25,0,-1073741824,-1073741824,-1073741824,990520
27,61,25,0,-1073741824,-1073741824,-1073741824,993335
27,62,25,0,-1073741824,-1073741824,-1073741824,986420
27,63,25,0,-1073741824,-1073741824,-1073741824,979133
27,64,25,0,-1073741824,-1073741824,-1073741824,978693
27,65,25,0,-1073741824,-1073741824,-1073741824,978511
27,66,25,0,-1073741824,-1073741824,-1073741824,976924
27,67,25,0,-1073741824,-1073741824,-1073741824,977704
27,68,25,0,-1073741824,-1073741824,-1073741824,977457
27,69,25,0,-1073741824,-1073741824,-1073741824,977950
27,70,25,0,-1073741824,-1073741824,-1073741824,978184
27,71,25,0,-1073741824,-1073741824,-1073741824,978882
27,72,25,0,-1073741824,-1073741824,-1073741824,982278
27,73,25,0,-1073741824,-1073741824,-1073741824,989853
27,74,25,0,-1073741824,-1073741824,-1073741824,1019443
27,75,25,0,-1073741824,-1073741824,-1073741824,1021943
27,76,25,0,-1073741824,-1073741824,-1073741824,988874
27,77,25,0,-1073741824,-1073741824,-1073741824,974470
27,78,25,0,-1073741824,-1073741824,-1073741824,974997
27,79,25,0,-1073741824,-1073741824,-1073741824,976916
27,80,25,0,-1073741824,-1073741824,-1073741824,977116
27,81,25,0,-1073741824,-1073741824,-1073741824,994136
27,82,25,0,-1073741824,-1073741824,-1073741824,1011790
27,83,25,0,-1073741824,-1073741824,-1073741824,1001072
27,84,25,0,-1073741824,-1073741824,-1073741824,984180
27,85,25,0,-1073741824,-1073741824,-1073741824,975003
27,86,25,0,-1073741824,-1073741824,-1073741824,976166
27,87,25,0,-1073741824,-1073741824,-1073741824,977275
27,88,25,0,-1073741824,-1073741824,-1073741824,992527
27,89,25,0,-1073741824,-1073741824,-1073741824,999812
27,90,25,0,-1073741824,-1073741824,-1073741824,984814
27,91,25,0,-1073741824,-1073741824,-1073741824,979693
27,92,25,0,-1073741824,-1073741824,-1073741824,979946
27,93,25,0,-1073741824,-1073741824,-1073741824,977814
27,94,25,0,-1073741824,-1073741824,-1073741824,978019
27,95,25,0,-1073741824,-1073741824,-1073741824,979171
27,96,25,0,-1073741824,-1073741824,-1073741824,979027
27,97,25,0,-1073741824,-1073741824,-1073741824,981068
27,98,25,0,-1073741824,-1073741824,-1073741824,987556
27,99,25,0,-1073741824,-1073741824,-1073741824,995791
27,100,25,0,-1073741824,-1073741824,-1073741824,986021
27,101,25,0,-1073741824,-1073741824,-1073741824,976882
27,102,25,0,-1073741824,-1073741824,-1073741824,977180
27,103,25,0,-1073741824,-1073741824,-1073741824,977684
27,104,25,0,-1073741824,-1073741824,-1073741824,978722
27,105,25,0,-1073741824,-1073741824,-1073741824,979641
27,106,25,0,-1073741824,-1073741824,-1073741824,978743
27,107,25,0,-1073741824,-1073741824,-1073741824,984164
27,108,25,0,-1073741824,-1073741824,-1073741824,985580
27,109,25,0,-1073741824,-1073741824,-1073741824,989029
27,110,25,0,-1073741824,-1073741824,-1073741824,994626
27,111,25,0,-1073741824,-1073741824,-1073741824,984703
27,112,25,0,-1073741824,-1073741824,-1073741824,978299
27,113,25,0,-1073741824,-1073741824,-1073741824,979310
27,114,25,0,-1073741824,-1073741824,-1073741824,987177
27,115,25,0,-1073741824,-1073741824,-1073741824,1012461
27,116,25,0,-1073741824,-1073741824,-1073741824,1011324
27,117,25,0,-1073741824,-1073741824,-1073741824,1015099
27,118,25,0,-1073741824,-1073741824,-1073741824,1012250
27,119,25,0,-1073741824,-1073741824,-1073741824,992604
28,0,25,0,-1073741824,-1073741824,-1073741824,1005498
28,1,25,0,-1073741824,-1073741824,-1073741824,1011274
28,2,25,0,-1073741824,-1073741824,-1073741824,998551
28,3,25,0,-1073741824,-1073741824,-1073741824,996132
28,4,25,6,-29573,-29573,-5032,11685621
28,5,25,4,-28053,-35057,-5491,11691772
28,6,25,0,-1073741824,-1073741824,-1073741824,1013226
28,7,25,0,-1073741824,-1073741824,-1073741824,995309
28,8,25,0,-1073741824,-1073741824,-1073741824,983210
28,9,25,0,-1073741824,-1073741824,-1073741824,982440
28,10,25,0,-1073741824,-1073741824,-1073741824,976904
28,11,25,0,-1073741824,-1073741824,-1073741824,977420
28,12,25,0,-1073741824,-1073741824,-1073741824,990154
28,13,25,0,-1073741824,-1073741824,-1073741824,999151
28,14,25,0,-1073741824,-1073741824,-1073741824,1005897
28,15,25,0,-1073741824,-1073741824,-1073741824,1007484
28,16,25,0,-1073741824,-1073741824,-1073741824,987175
28,17,25,0,-1073741824,-1073741824,-1073741824,985735
28,18,25,0,-1073741824,-1073741824,-1073741824,989616
28,19,25,0,-1073741824,-1073741824,-1073741824,987992
28,20,25,0,-1073741824,-1073741824,-1073741824,982906
28,21,25,0,-1073741824,-1073741824,-1073741824,978927
28,22,25,0,-1073741824,-1073741824,-1073741824,978391
28,23,25,0,-1073741824,-1073741824,-1073741824,979463
28,24,25,0,-1073741824,-1073741824,-1073741824,979977
28,25,25,0,-1073741824,-1073741824,-1073741824,980022
28,26,25,0,-1073741824,-1073741824,-1073741824,980791
28,27,25,0,-1073741824,-1073741824,-1073741824,985723
28,28,25,0,-1073741824,-1073741824,-1073741824,981523
28,29,25,0,-1073741824,-1073741824,-1073741824,1004422
28,30,25,0,-1073741824,-1073741824,-1073741824,1010406
28,31,25,0,-1073741824,-1073741824,-1073741824,989426
28,32,25,0,-1073741824,-1073741824,-1073741824,982071
28,33,25,0,-1073741824,-1073741824,-1073741824,981317
28,34,25,0,-1073741824,-1073741824,-1073741824,981080
28,35,25,0,-1073741824,-1073741824,-1073741824,987779
28,36,25,0,-1073741824,-1073741824,-1073741824,1021379
28,37,25,0,-1073741824,-1073741824,-1073741824,1033229
28,38,25,6,-12587,-13911,-4831,11720559
28,39,25,6,-12158,-12158,-4836,11713024
28,40,25,6,-14050,-14050,-4180,11687305
28,41,25,4,-8847,-8847,-3560,11672117
28,42,25,0,-1073741824,-1073741824,-1073741824,976638
28,43,25,0,-1073741824,-1073741824,-1073741824,978781
28,44,25,0,-1073741824,-1073741824,-1073741824,1002885
28,45,25,0,-1073741824,-1073741824,-1073741824,999204
28,46,25,0,-1073741824,-1073741824,-1073741824,980739
28,47,25,0,-1073741824,-1073741824,-1073741824,979390
28,48,25,0,-1073741824,-1073741824,-1073741824,980797
28,49,25,0,-1073741824,-1073741824,-1073741824,979831
28,50,25,0,-1073741824,-1073741824,-1073741824,1010544
28,51,25,0,-1073741824,-1073741824,-1073741824,1003599
28,52,25,0,-1073741824,-1073741824,-1073741824,980496
28,53,25,0,-1073741824,-1073741824,-1073741824,980016
28,54,25,0,-1073741824,-1073741824,-1073741824,980128
28,55,25,0,-1073741824,-1073741824,-1073741824,981313
28,56,25,0,-1073741824,-1073741824,-1073741824,981275
28,57,25,0,-1073741824,-1073741824,-1073741824,983485
28,58,25,0,-1073741824,-1073741824,-1073741824,984101
28,59,25,0,-1073741824,-1073741824,-1073741824,982547
28,60,25,0,-1073741824,-1073741824,-1073741824,996534
28,61,25,0,-1073741824,-1073741824,-1073741824,992657
28,62,25,0,-1073741824,-1073741824,-1073741824,981234
28,63,25,0,-1073741824,-1073741824,-1073741824,982964
28,64,25,0,-1073741824,-1073741824,-1073741824,993702
28,65,25,0,-1073741824,-1073741824,-1073741824,995769
28,66,25,0,-1073741824,-1073741824,-1073741824,999556
28,67,25,0,-1073741824,-1073741824,-1073741824,999490
28,68,25,0,-1073741824,-1073741824,-1073741824,997426
28,69,25,0,-1073741824,-1073741824,-1073741824,998074
28,70,25,0,-1073741824,-1073741824,-1073741824,995473
28,71,25,0,-1073741824,-1073741824,-1073741824,996679
28,72,25,0,-1073741824,-1073741824,-1073741824,997187
28,73,25,0,-1073741824,-1073741824,-1073741824,1002082
28,74,25,0,-1073741824,-1073741824,-1073741824,999678
28,75,25,0,-1073741824,-1073741824,-1073741824,994440
28,76,25,0,-1073741824,-1073741824,-1073741824,992617
28,77,25,0,-1073741824,-1073741824,-1073741824,989148
28,78,25,0,-1073741824,-1073741824,-1073741824,995100
28,79,25,0,-1073741824,-1073741824,-1073741824,987386
28,80,25,0,-1073741824,-1073741824,-1073741824,978738
28,81,25,0,-1073741824,-1073741824,-1073741824,979542
28,82,25,0,-1073741824,-1073741824,-1073741824,979489
28,83,25,0,-1073741824,-1073741824,-1073741824,981646
28,84,25,0,-1073741824,-1073741824,-1073741824,982192
28,85,25,0,-1073741824,-1073741824,-1073741824,982001
28,86,25,0,-1073741824,-1073741824,-1073741824,999179
28,87,25,0,-1073741824,-1073741824,-1073741824,1026324
28,88,25,6,-12718,-14446,-2825,11707271
28,89,25,6,-13420,-13420,-3251,11686500
28,90,25,4,-14357,-14357,-3684,11680378
28,91,25,0,-1073741824,-1073741824,-1073741824,979327
28,92,25,0,-1073741824,-1073741824,-1073741824,978278
28,93,25,0,-1073741824,-1073741824,-1073741824,979258
28,94,25,0,-1073741824,-1073741824,-1073741824,979605
28,95,25,0,-1073741824,-1073741824,-1073741824,980020
28,96,25,0,-1073741824,-1073741824,-1073741824,980326
28,97,25,0,-1073741824,-1073741824,-1073741824,980555
28,98,25,0,-1073741824,-1073741824,-1073741824,1005027
28,99,25,6,-9490,-36577,-2026,11700620
28,100,25,6,-15332,-15332,-3739,11678146
28,101,25,4,-11859,-11859,-3275,11671606
28,102,25,0,-1073741824,-1073741824,-1073741824,979101
28,103,25,0,-1073741824,-1073741824,-1073741824,1002023
28,104,25,0,-1073741824,-1073741824,-1073741824,999286
28,105,25,0,-1073741824,-1073741824,-1073741824,980262
28,106,25,0,-1073741824,-1073741824,-1073741824,977971
28,107,25,0,-1073741824,-1073741824,-1073741824,979639
28,108,25,0,-1073741824,-1073741824,-1073741824,980421
28,109,25,0,-1073741824,-1073741824,-1073741824,980631
28,110,25,0,-1073741824,-1073741824,-1073741824,980921
28,111,25,0,-1073741824,-1073741824,-1073741824,980460
28,112,25,0,-1073741824,-1073741824,-1073741824,991337
28,113,25,0,-1073741824,-1073741824,-1073741824,1002393
28,114,25,0,-1073741824,-1073741824,-1073741824,1001251
28,115,25,0,-1073741824,-1073741824,-1073741824,1003926
28,116,25,0,-1073741824,-1073741824,-1073741824,999450
28,117,25,0,-1073741824,-1073741824,-1073741824,996060
28,118,25,0,-1073741824,-1073741824,-1073741824,988120
28,119,25,0,-1073741824,-1073741824,-1073741824,981468
29,0,25,0,-1073741824,-1073741824,-1073741824,978004
29,1,25,0,-1073741824,-1073741824,-1073741824,987621
29,2,25,0,-1073741824,-1073741824,-1073741824,987328
29,3,25,0,-1073741824,-1073741824,-1073741824,1014906
29,4,25,0,-1073741824,-1073741824,-1073741824,1001092
29,5,25,0,-1073741824,-1073741824,-1073741824,978906
29,6,25,0,-1073741824,-1073741824,-1073741824,977141
29,7,25,0,-1073741824,-1073741824,-1073741824,977716
29,8,25,0,-1073741824,-1073741824,-1073741824,978174
29,9,25,0,-1073741824,-1073741824,-1073741824,978537
29,10,25,0,-1073741824,-1073741824,-1073741824,1012639
29,11,25,0,-1073741824,-1073741824,-1073741824,1005521
29,12,25,0,-1073741824,-1073741824,-1073741824,978819
29,13,25,0,-1073741824,-1073741824,-1073741824,975942
29,14,25,0,-1073741824,-1073741824,-1073741824,977463
29,15,25,0,-1073741824,-1073741824,-1073741824,978808
29,16,25,0,-1073741824,-1073741824,-1073741824,979746
29,17,25,0,-1073741824,-1073741824,-1073741824,978482
29,18,25,0,-1073741824,-1073741824,-1073741824,977663
29,19,25,0,-1073741824,-1073741824,-1073741824,986013
29,20,25,0,-1073741824,-1073741824,-1073741824,1008202
29,21,25,0,-1073741824,-1073741824,-1073741824,1009153
29,22,25,0,-1073741824,-1073741824,-1073741824,1008533
29,23,25,0,-1073741824,-1073741824,-1073741824,1008944
29,24,25,0,-1073741824,-1073741824,-1073741824,1010595
29,25,25,0,-1073741824,-1073741824,-1073741824,1005506
29,26,25,0,-1073741824,-1073741824,-1073741824,996282
29,27,25,0,-1073741824,-1073741824,-1073741824,994028
29,28,25,0,-1073741824,-1073741824,-1073741824,998060
29,29,25,0,-1073741824,-1073741824,-1073741824,995898
29,30,25,0,-1073741824,-1073741824,-1073741824,982663
29,31,25,0,-1073741824,-1073741824,-1073741824,979772
29,32,25,0,-1073741824,-1073741824,-1073741824,996678
29,33,25,0,-1073741824,-1073741824,-1073741824,1010861
29,34,25,0,-1073741824,-1073741824,-1073741824,1002576
29,35,25,0,-1073741824,-1073741824,-1073741824,993482
29,36,25,0,-1073741824,-1073741824,-1073741824,999683
29,37,25,0,-1073741824,-1073741824,-1073741824,1005626
29,38,25,0,-1073741824,-1073741824,-1073741824,1002340
29,39,25,6,-9683,-11106,-5552,11686890
29,40,25,6,-7847,-8453,-5463,11672740
29,41,25,4,-10503,-11409,-5758,11670834
29,42,25,0,-1073741824,-1073741824,-1073741824,976569
29,43,25,0,-1073741824,-1073741824,-1073741824,976615
29,44,25,0,-1073741824,-1073741824,-1073741824,978496
29,45,25,0,-1073741824,-1073741824,-1073741824,999203
29,46,25,0,-1073741824,-1073741824,-1073741824,1010225
29,47,25,0,-1073741824,-1073741824,-1073741824,988192
29,48,25,0,-1073741824,-1073741824,-1073741824,979281
29,49,25,0,-1073741824,-1073741824,-1073741824,978134
29,50,25,0,-1073741824,-1073741824,-1073741824,976900
29,51,25,0,-1073741824,-1073741824,-1073741824,976816
29,52,25,0,-1073741824,-1073741824,-1073741824,977847
29,53,25,0,-1073741824,-1073741824,-1073741824,988512
29,54,25,0,-1073741824,-1073741824,-1073741824,1006333
29,55,25,0,-1073741824,-1073741824,-1073741824,992937
29,56,25,0,-1073741824,-1073741824,-1073741824,977195
29,57,25,0,-1073741824,-1073741824,-1073741824,975906
29,58,25,0,-1073741824,-1073741824,-1073741824,976171
29,59,25,0,-1073741824,-1073741824,-1073741824,977938
29,60,25,0,-1073741824,-1073741824,-1073741824,978995
29,61,25,0,-1073741824,-1073741824,-1073741824,979631
29,62,25,0,-1073741824,-1073741824,-1073741824,979400
29,63,25,0,-1073741824,-1073741824,-1073741824,985908
29,64,25,0,-1073741824,-1073741824,-1073741824,1000546
29,65,25,0,-1073741824,-1073741824,-1073741824,1017570
29,66,25,0,-1073741824,-1073741824,-1073741824,999769
29,67,25,0,-1073741824,-1073741824,-1073741824,980939
29,68,25,0,-1073741824,-1073741824,-1073741824,977659
29,69,25,0,-1073741824,-1073741824,-1073741824,977578
29,70,25,0,-1073741824,-1073741824,-1073741824,978258
29,71,25,0,-1073741824,-1073741824,-1073741824,978903
29,72,25,0,-1073741824,-1073741824,-1073741824,979527
29,73,25,0,-1073741824,-1073741824,-1073741824,980590
29,74,25,0,-1073741824,-1073741824,-1073741824,1000301
29,75,25,6,-15923,-15923,-3870,11683782
29,76,25,4,-10903,-10903,-5012,11670638
29,77,25,0,-1073741824,-1073741824,-1073741824,977039
29,78,25,0,-1073741824,-1073741824,-1073741824,977710
29,79,25,0,-1073741824,-1073741824,-1073741824,978755
29,80,25,0,-1073741824,-1073741824,-1073741824,979796
29,81,25,0,-1073741824,-1073741824,-1073741824,986316
29,82,25,0,-1073741824,-1073741824,-1073741824,1010536
29,83,25,0,-1073741824,-1073741824,-1073741824,1006792
29,84,25,0,-1073741824,-1073741824,-1073741824,982138
29,85,25,0,-1073741824,-1073741824,-1073741824,982719
29,86,25,0,-1073741824,-1073741824,-1073741824,991110
29,87,25,0,-1073741824,-1073741824,-1073741824,992388
29,88,25,0,-1073741824,-1073741824,-1073741824,997588
29,89,25,0,-1073741824,-1073741824,-1073741824,1015216
29,90,25,0,-1073741824,-1073741824,-1073741824,1010214
29,91,25,0,-1073741824,-1073741824,-1073741824,991525
29,92,25,0,-1073741824,-1073741824,-1073741824,986931
29,93,25,0,-1073741824,-1073741824,-1073741824,988227
29,94,25,0,-1073741824,-1073741824,-1073741824,988957
29,95,25,0,-1073741824,-1073741824,-1073741824,989062
29,96,25,0,-1073741824,-1073741824,-1073741824,989582
29,97,25,0,-1073741824,-1073741824,-1073741824,989208
29,98,25,0,-1073741824,-1073741824,-1073741824,992638
29,99,25,0,-1073741824,-1073741824,-1073741824,1002825
29,100,25,0,-1073741824,-1073741824,-1073741824,996642
29,101,25,0,-1073741824,-1073741824,-1073741824,988284
29,102,25,0,-1073741824,-1073741824,-1073741824,988472
29,103,25,0,-1073741824,-1073741824,-1073741824,989255
29,104,25,0,-1073741824,-1073741824,-1073741824,990461
29,105,25,0,-1073741824,-1073741824,-1073741824,991668
29,106,25,0,-1073741824,-1073741824,-1073741824,991099
29,107,25,0,-1073741824,-1073741824,-1073741824,1005543
29,108,25,0,-1073741824,-1073741824,-1073741824,1023704
29,109,25,0,-1073741824,-1073741824,-1073741824,1003713
29,110,25,0,-1073741824,-1073741824,-1073741824,987780
29,111,25,0,-1073741824,-1073741824,-1073741824,987428
29,112,25,0,-1073741824,-1073741824,-1073741824,988702
29,113,25,0,-1073741824,-1073741824,-1073741824,1006989
29,114,25,0,-1073741824,-1073741824,-1073741824,1019970
29,115,25,0,-1073741824,-1073741824,-1073741824,1002566
29,116,25,0,-1073741824,-1073741824,-1073741824,989102
29,117,25,0,-1073741824,-1073741824,-1073741824,987152
29,118,25,0,-1073741824,-1073741824,-1073741824,988681
29,119,25,0,-1073741824,-1073741824,-1073741824,988756
