record,frames,mode,score_a,end_a,score_b,end_b,hash,cycles
0,236,history,-8149,54,-8149,64,-2082941721,10728525
0,236,input,-8149,54,-8149,64,-2082941721,10728525
1,175,history,-8496,72,-9603,40,1610682662,10729858
2,129,history,-12512,73,-15233,53,774226887,10728164
3,214,history,-5567,61,-5567,71,1879673523,10729334
4,133,history,-9835,71,-13354,69,1239591808,10728706
5,235,history,-7229,54,-7229,64,-1934222917,10728990
6,200,history,-8718,74,-11722,48,1967836159,10728711
7,258,history,-9433,71,-9491,54,1194194720,10729144
8,130,history,-9840,74,-13816,70,1141566948,10729877
9,186,history,-7938,66,-9643,57,1879193301,10728465
10,135,history,-12793,62,-14535,72,220674825,10730077
11,184,history,-6340,67,-8094,69,1238467286,10729354
