record,hop,frames,best,last,spikes,events,cycles,detected,p_layer1,p_delayed,p_recurrent,p_layer2,p_readout
0,0,25,-1365,-16406,545,50901,66213,0,0,0,0,0,0
0,1,25,-3721,-3822,317,45559,83914,0,0,0,0,0,0
0,2,25,1642,-2697,299,39984,74877,0,0,0,0,0,0
0,3,25,1829,-5152,343,42706,74152,0,0,0,0,0,0
0,4,25,2391,2391,339,43600,75296,0,0,0,0,0,0
0,5,25,17320,11365,474,64802,70690,0,0,0,0,0,0
0,6,25,10312,795,312,40759,65321,0,0,0,0,0,0
0,7,25,4703,-66,318,40311,65735,0,0,0,0,0,0
0,8,16,2140,-2036,183,23860,41936,0,0,0,0,0,0
1,9,25,-133,-8707,342,32472,54207,0,0,0,0,0,0
1,10,25,-1999,-2124,245,33048,67990,0,0,0,0,0,0
1,11,25,-1830,-5885,225,29303,63408,0,0,0,0,0,0
1,12,25,-6156,-11517,406,44731,74194,0,0,0,0,0,0
1,13,25,14593,14593,516,68938,81986,0,0,0,0,0,0
1,14,25,21002,11570,426,61799,67049,3,0,0,0,0,0
1,15,25,11339,-6571,350,40109,64160,0,0,0,0,0,0
1,16,25,-297,-1173,267,33493,71906,0,0,0,0,0,0
1,17,8,1950,-683,108,14953,23910,0,0,0,0,0,0
2,18,25,-133,-12702,228,22528,45904,0,0,0,0,0,0
2,19,25,-7570,-10664,218,27305,56791,0,0,0,0,0,0
2,20,25,-9422,-17700,344,39587,60997,0,0,0,0,0,0
2,21,25,-5651,-9602,451,51349,78410,0,0,0,0,0,0
2,22,25,9532,8934,404,59800,79360,0,0,0,0,0,0
2,23,25,10227,10227,349,48769,62589,0,0,0,0,0,0
2,24,25,11020,1912,289,40132,52464,0,0,0,0,0,0
2,25,25,340,-6853,170,23262,48669,0,0,0,0,0,0
2,26,14,-7131,-7131,110,12452,27617,0,0,0,0,0,0
3,27,25,-133,-16468,269,25796,47399,0,0,0,0,0,0
3,28,25,-11223,-19411,531,55483,77488,0,0,0,0,0,0
3,29,25,-364,-364,388,58428,85600,0,0,0,0,0,0
3,30,25,17762,12588,433,63829,63471,0,0,0,0,0,0
3,31,25,11681,-5569,302,39253,51009,0,0,0,0,0,0
3,32,25,-5554,-12586,218,28592,50182,0,0,0,0,0,0
3,33,25,-7844,-8322,205,26457,50510,0,0,0,0,0,0
3,34,25,-7783,-10118,219,28280,51219,0,0,0,0,0,0
3,35,20,-5794,-8171,182,24081,40943,0,0,0,0,0,0
4,36,25,-133,-14739,264,26530,47422,0,0,0,0,0,0
4,37,25,-6842,-7432,213,27648,56771,0,0,0,0,0,0
4,38,25,-3294,-3294,156,21401,52743,0,0,0,0,0,0
4,39,25,1308,-3671,182,24258,50879,0,0,0,0,0,0
4,40,25,1839,-4317,189,24087,50021,0,0,0,0,0,0
4,41,25,-4024,-7059,171,21456,52414,0,0,0,0,0,0
4,42,25,5564,520,219,29568,53397,0,0,0,0,0,0
4,43,25,4854,-1651,219,27634,52240,0,0,0,0,0,0
4,44,14,-3006,-16057,246,23933,36193,0,0,0,0,0,0
5,45,25,-133,-12510,245,24018,46732,0,0,0,0,0,0
5,46,25,-6789,-10636,227,28937,57662,0,0,0,0,0,0
5,47,25,-9687,-19764,365,41559,64006,0,0,0,0,0,0
5,48,25,-10086,-10086,303,41688,70319,0,0,0,0,0,0
5,49,25,-5190,-12616,353,39078,71578,0,0,0,0,0,0
5,50,25,-9626,-9626,467,57979,86020,0,0,0,0,0,0
5,51,25,19444,14601,438,69864,73137,3,0,0,0,0,0
5,52,25,13327,-8656,305,41456,50414,0,0,0,0,0,0
5,53,12,-8598,-12882,100,13085,22874,0,0,0,0,0,0
6,54,25,-133,-12052,234,22656,46548,0,0,0,0,0,0
6,55,25,-6210,-11001,222,28361,57549,0,0,0,0,0,0
6,56,25,-6390,-7738,214,28249,56235,0,0,0,0,0,0
6,57,25,-5220,-8205,240,30622,55774,0,0,0,0,0,0
6,58,25,-1625,-15870,465,51985,63303,0,0,0,0,0,0
6,59,25,-11128,-11128,596,65097,92810,0,0,0,0,0,0
6,60,25,22211,22211,534,81543,95779,3,0,0,0,0,0
6,61,25,22498,-4518,409,62274,62309,2,0,0,0,0,0
6,62,6,-5586,-10074,67,10593,12123,0,0,0,0,0,0
7,63,25,-1365,-12742,572,51520,70905,0,0,0,0,0,0
7,64,25,-5796,-7148,405,53814,96028,0,0,0,0,0,0
7,65,25,1945,1945,443,60353,88262,0,0,0,0,0,0
7,66,25,13918,7950,444,59968,77497,0,0,0,0,0,0
7,67,25,5707,-1939,332,43815,72481,0,0,0,0,0,0
7,68,25,1826,1826,314,40411,71986,0,0,0,0,0,0
7,69,25,1709,-2969,299,38479,71545,0,0,0,0,0,0
7,70,25,2855,-2168,323,42315,71072,0,0,0,0,0,0
7,71,3,-130,-383,48,5664,8865,0,0,0,0,0,0
8,72,25,-133,-13641,288,28473,48434,0,0,0,0,0,0
8,73,25,-13264,-14887,294,35638,64283,0,0,0,0,0,0
8,74,25,-10115,-14696,364,43502,67898,0,0,0,0,0,0
8,75,25,-7071,-7071,378,46498,78139,0,0,0,0,0,0
8,76,25,16592,16592,447,62452,76584,0,0,0,0,0,0
8,77,25,20376,8372,375,56273,58624,3,0,0,0,0,0
8,78,25,9090,-8281,237,30984,47467,0,0,0,0,0,0
8,79,25,-6864,-7079,165,21043,47152,0,0,0,0,0,0
8,80,21,-3374,-3978,189,23891,40821,0,0,0,0,0,0
9,81,25,-1365,-12553,525,48012,67685,0,0,0,0,0,0
9,82,25,-2932,-10456,381,50099,89551,0,0,0,0,0,0
9,83,25,-7337,-7525,390,50960,84416,0,0,0,0,0,0
9,84,25,16501,16202,491,67702,77989,0,0,0,0,0,0
9,85,25,14856,4505,369,48390,70059,0,0,0,0,0,0
9,86,25,4421,804,330,42904,69271,0,0,0,0,0,0
9,87,25,1798,-1295,286,36514,69150,0,0,0,0,0,0
9,88,25,5116,234,323,42146,69241,0,0,0,0,0,0
9,89,8,1504,-787,94,12452,21958,0,0,0,0,0,0
10,90,25,-1365,-16703,539,50162,66650,0,0,0,0,0,0
10,91,25,-5146,-5168,329,46070,85572,0,0,0,0,0,0
10,92,25,4249,3953,322,42225,76398,0,0,0,0,0,0
10,93,25,2283,-3891,290,38099,72280,0,0,0,0,0,0
10,94,25,8804,8738,374,48270,73140,0,0,0,0,0,0
10,95,25,9237,5733,362,48667,69348,0,0,0,0,0,0
10,96,25,4043,-1635,281,36813,66119,0,0,0,0,0,0
10,97,25,1679,1679,298,38429,66661,0,0,0,0,0,0
10,98,18,1230,176,197,25346,47606,0,0,0,0,0,0
11,99,25,-133,-11734,388,36564,56737,0,0,0,0,0,0
11,100,25,-763,-763,265,35795,71471,0,0,0,0,0,0
11,101,25,666,-6507,234,31656,65704,0,0,0,0,0,0
11,102,25,1404,-5157,327,38907,66861,0,0,0,0,0,0
11,103,25,-2184,-2184,403,50176,75356,0,0,0,0,0,0
11,104,25,19264,18555,487,68369,71640,3,0,0,0,0,0
11,105,25,17839,7013,351,47189,60307,0,0,0,0,0,0
11,106,25,6303,-6556,233,29663,57033,0,0,0,0,0,0
11,107,19,-3319,-3319,170,22433,43719,0,0,0,0,0,0
12,108,25,-133,-12510,245,24018,46732,0,0,0,0,0,0
12,109,25,-6789,-10636,227,28937,57662,0,0,0,0,0,0
12,110,25,-6751,-7196,211,27388,56262,0,0,0,0,0,0
12,111,25,-3543,-8972,230,29420,55248,0,0,0,0,0,0
12,112,25,-9737,-17034,353,41011,61363,0,0,0,0,0,0
12,113,25,2882,-4376,439,50439,78613,0,0,0,0,0,0
12,114,25,195,-484,525,67476,89878,0,0,0,0,0,0
12,115,25,19482,17625,490,72012,79011,3,0,0,0,0,0
12,116,17,18065,636,313,44861,41001,0,0,0,0,0,0
13,117,25,-133,-12510,245,24018,46732,0,0,0,0,0,0
13,118,25,-6789,-11977,228,28690,57892,0,0,0,0,0,0
13,119,25,-4667,-6632,254,31709,57689,0,0,0,0,0,0
13,120,25,1719,-10105,478,54053,70956,0,0,0,0,0,0
13,121,25,5369,5369,506,67685,81387,0,0,0,0,0,0
13,122,25,21978,11788,466,70022,64255,3,0,0,0,0,0
13,123,25,11573,-8343,275,35586,49541,0,0,0,0,0,0
13,124,25,-9117,-10536,216,28637,50136,0,0,0,0,0,0
13,125,3,-9219,-9219,23,2616,5991,0,0,0,0,0,0
14,126,25,-133,-12510,245,24018,46732,0,0,0,0,0,0
14,127,25,-6789,-10636,227,28937,57662,0,0,0,0,0,0
14,128,25,-6092,-9769,239,30103,57319,0,0,0,0,0,0
14,129,25,3843,-7682,445,50596,67765,0,0,0,0,0,0
14,130,25,-1903,-1903,481,62073,78920,0,0,0,0,0,0
14,131,25,21180,19730,485,71150,67946,3,0,0,0,0,0
14,132,25,17523,67,300,41829,51659,0,0,0,0,0,0
14,133,25,-298,-11837,228,28817,50067,0,0,0,0,0,0
14,134,1,-11450,-11450,9,1237,2237,0,0,0,0,0,0
15,135,25,-133,-12510,245,24018,46732,0,0,0,0,0,0
15,136,25,-6789,-10636,227,28937,57662,0,0,0,0,0,0
15,137,25,-2414,-2414,292,36832,61827,0,0,0,0,0,0
15,138,25,7304,692,244,34220,57160,0,0,0,0,0,0
15,139,25,217,-11961,572,56074,77888,0,0,0,0,0,0
15,140,25,2530,2530,528,71083,100112,0,0,0,0,0,0
15,141,25,22118,5891,457,74314,72328,3,0,0,0,0,0
15,142,25,5045,-13567,303,40481,48591,0,0,0,0,0,0
16,143,25,-133,-12510,245,24018,46732,0,0,0,0,0,0
16,144,25,-3338,-4413,294,35046,63071,0,0,0,0,0,0
16,145,25,4034,-229,288,39727,59967,0,0,0,0,0,0
16,146,25,422,-13237,609,62194,82258,0,0,0,0,0,0
16,147,25,7522,7522,500,72388,95282,0,0,0,0,0,0
16,148,25,21515,-256,439,68952,65218,3,0,0,0,0,0
16,149,25,-1325,-13837,299,38659,48135,0,0,0,0,0,0
16,150,25,-8368,-8551,210,26605,49478,0,0,0,0,0,0
16,151,22,-6741,-9253,193,25178,43823,0,0,0,0,0,0
17,152,25,-133,-15497,469,45648,60187,0,0,0,0,0,0
17,153,25,-2759,-3731,293,40230,76831,0,0,0,0,0,0
17,154,25,-2030,-8566,439,47888,79189,0,0,0,0,0,0
17,155,25,184,184,474,61699,92963,0,0,0,0,0,0
17,156,25,23204,12130,488,74817,76107,3,0,0,0,0,0
17,157,25,11825,1628,318,42102,58076,0,0,0,0,0,0
17,158,25,783,-6975,241,31057,56618,0,0,0,0,0,0
17,159,25,-3325,-3325,269,34130,58009,0,0,0,0,0,0
17,160,10,476,-533,104,13447,23178,0,0,0,0,0,0
18,161,25,-1365,-15712,488,45955,62786,0,0,0,0,0,0
18,162,25,-2425,-3082,315,42370,79961,0,0,0,0,0,0
18,163,25,-3069,-7404,312,40103,77277,0,0,0,0,0,0
18,164,25,13778,13778,493,66337,74748,0,0,0,0,0,0
18,165,25,17015,9169,384,52213,66566,0,0,0,0,0,0
18,166,25,9406,113,310,40283,62670,0,0,0,0,0,0
18,167,25,2615,688,280,35258,62914,0,0,0,0,0,0
18,168,23,3299,-2034,243,32201,58083,0,0,0,0,0,0
19,169,25,-133,-12090,233,23175,46157,0,0,0,0,0,0
19,170,25,-11655,-12595,236,29873,57499,0,0,0,0,0,0
19,171,25,-2169,-5271,187,24307,56103,0,0,0,0,0,0
19,172,25,-5714,-6283,170,22205,54047,0,0,0,0,0,0
19,173,25,-4745,-7821,462,50632,68449,0,0,0,0,0,0
19,174,25,16059,16059,423,59799,72579,0,0,0,0,0,0
19,175,25,22171,9278,373,54424,55636,3,0,0,0,0,0
19,176,25,8333,-3739,237,30745,49427,0,0,0,0,0,0
19,177,12,-3983,-6591,88,11171,24208,0,0,0,0,0,0
20,178,25,-133,-12510,245,24018,46732,0,0,0,0,0,0
20,179,25,-6789,-10636,227,28937,57662,0,0,0,0,0,0
20,180,25,-9687,-12448,288,37142,59981,0,0,0,0,0,0
20,181,25,-819,-1211,229,30413,57212,0,0,0,0,0,0
20,182,25,-3229,-16246,427,47648,69272,0,0,0,0,0,0
20,183,25,-13627,-18131,391,50247,78293,0,0,0,0,0,0
20,184,25,-9566,-12533,305,48750,64157,0,0,0,0,0,0
20,185,25,-12763,-13245,218,28333,49955,0,0,0,0,0,0
20,186,16,-7946,-12363,110,14055,32339,0,0,0,0,0,0
21,187,25,-1365,-14338,505,47861,64396,0,0,0,0,0,0
21,188,25,-1173,-4299,328,44677,82145,0,0,0,0,0,0
21,189,25,-5003,-13284,361,45279,78748,0,0,0,0,0,0
21,190,25,-2041,-9231,382,53140,75172,0,0,0,0,0,0
21,191,25,-4060,-4060,219,29551,65740,0,0,0,0,0,0
21,192,25,-2892,-5401,235,31086,63570,0,0,0,0,0,0
21,193,25,815,-1651,256,32202,63789,0,0,0,0,0,0
21,194,25,4523,700,300,38448,64501,0,0,0,0,0,0
21,195,14,981,-4072,147,19284,36116,0,0,0,0,0,0
22,196,25,-133,-10805,384,35481,57335,0,0,0,0,0,0
22,197,25,-1985,-2326,260,35844,71744,0,0,0,0,0,0
22,198,25,-790,-1346,233,31676,65803,0,0,0,0,0,0
22,199,25,2951,2625,264,34406,62316,0,0,0,0,0,0
22,200,25,1015,-3783,276,33079,62650,0,0,0,0,0,0
22,201,25,-5383,-19365,514,54137,83969,0,0,0,0,0,0
22,202,25,663,355,421,63836,90519,0,0,0,0,0,0
22,203,25,-958,-17118,403,59609,65431,0,0,0,0,0,0
22,204,11,-11146,-11294,91,11357,24363,0,0,0,0,0,0
23,205,25,-133,-14283,238,23179,46479,0,0,0,0,0,0
23,206,25,-12288,-14874,269,32216,60376,0,0,0,0,0,0
23,207,25,-14678,-16762,465,50620,76289,0,0,0,0,0,0
23,208,25,7048,5118,397,58202,81210,0,0,0,0,0,0
23,209,25,2373,-10232,264,40995,59189,0,0,0,0,0,0
23,210,25,-7765,-10415,160,21344,50094,0,0,0,0,0,0
23,211,25,-5878,-8805,181,23223,49749,0,0,0,0,0,0
23,212,25,-5210,-6221,202,25726,49909,0,0,0,0,0,0
23,213,21,-2770,-2770,166,20854,41696,0,0,0,0,0,0
24,214,25,-133,-12530,260,26075,47100,0,0,0,0,0,0
24,215,25,-8514,-11883,235,29926,58810,0,0,0,0,0,0
24,216,25,2640,2640,223,29412,56365,0,0,0,0,0,0
24,217,25,1585,-14736,315,36713,58582,0,0,0,0,0,0
24,218,25,-15458,-21390,472,55321,76541,0,0,0,0,0,0
24,219,25,-11555,-12405,367,54431,73008,0,0,0,0,0,0
24,220,25,-11863,-12205,253,38094,54809,0,0,0,0,0,0
24,221,25,-8116,-9837,191,23844,48305,0,0,0,0,0,0
25,222,25,-1213,-11004,433,40375,60762,0,0,0,0,0,0
25,223,25,-2349,-2877,296,40315,77910,0,0,0,0,0,0
25,224,25,-528,-4771,250,33273,70677,0,0,0,0,0,0
25,225,25,460,-15939,453,51246,77546,0,0,0,0,0,0
25,226,25,-5271,-9650,446,62408,81361,0,0,0,0,0,0
25,227,25,-12741,-15684,417,58897,67823,0,0,0,0,0,0
25,228,25,-5194,-7643,238,30690,60408,0,0,0,0,0,0
25,229,24,-3914,-5155,239,30868,57972,0,0,0,0,0,0
26,230,25,-1365,-11878,565,51388,70054,0,0,0,0,0,0
26,231,25,-377,-377,352,49689,90630,0,0,0,0,0,0
26,232,25,-263,-2289,288,38719,80083,0,0,0,0,0,0
26,233,25,971,-10330,393,47887,78162,0,0,0,0,0,0
26,234,25,-11226,-11226,382,50022,83396,0,0,0,0,0,0
26,235,25,3156,-10069,394,55367,76680,0,0,0,0,0,0
26,236,25,-4421,-6462,266,34149,68274,0,0,0,0,0,0
26,237,25,-3666,-5817,273,34271,69117,0,0,0,0,0,0
26,238,23,-1856,-1856,292,37972,64538,0,0,0,0,0,0
27,239,25,-133,-13362,249,24699,46709,0,0,0,0,0,0
27,240,25,-8208,-14331,272,30680,59686,0,0,0,0,0,0
27,241,25,-13926,-13926,366,45322,71393,0,0,0,0,0,0
27,242,25,1124,-19537,484,56726,77946,0,0,0,0,0,0
27,243,25,-10261,-10261,433,53512,93549,0,0,0,0,0,0
27,244,25,-4666,-20344,460,73741,77902,0,0,0,0,0,0
27,245,25,-11540,-12798,218,30698,51850,0,0,0,0,0,0
27,246,25,-8345,-10647,223,28654,48278,0,0,0,0,0,0
27,247,19,-6531,-8440,166,21810,38102,0,0,0,0,0,0
28,248,25,-133,-11723,235,22955,46502,0,0,0,0,0,0
28,249,25,-8555,-8555,224,29024,57687,0,0,0,0,0,0
28,250,25,-980,-980,214,27179,55385,0,0,0,0,0,0
28,251,25,3106,-8935,229,30505,54149,0,0,0,0,0,0
28,252,25,-1539,-4060,186,24414,53365,0,0,0,0,0,0
28,253,25,3046,2424,223,28220,53563,0,0,0,0,0,0
28,254,25,5105,-10056,322,37171,57289,0,0,0,0,0,0
28,255,25,-10900,-15891,435,50430,75712,0,0,0,0,0,0
28,256,21,2800,-4486,295,46444,62179,0,0,0,0,0,0
29,257,25,-133,-13204,237,23139,46617,0,0,0,0,0,0
29,258,25,-10151,-10388,275,35027,58327,0,0,0,0,0,0
29,259,25,-7103,-23965,385,41731,63893,0,0,0,0,0,0
29,260,25,-21719,-23019,548,61885,91471,0,0,0,0,0,0
29,261,25,1919,-10151,364,60880,86327,0,0,0,0,0,0
29,262,25,-10851,-15608,278,42636,55081,0,0,0,0,0,0
29,263,25,-10888,-10888,240,30881,48167,0,0,0,0,0,0
29,264,25,-6146,-6146,199,25301,48876,0,0,0,0,0,0
29,265,11,-4722,-5716,94,11173,22084,0,0,0,0,0,0
30,266,25,-1213,-11619,449,41640,61544,0,0,0,0,0,0
30,267,25,-2265,-2265,289,39477,78394,0,0,0,0,0,0
30,268,25,-3303,-17193,364,43988,76402,0,0,0,0,0,0
30,269,25,-12824,-12824,391,51698,81261,0,0,0,0,0,0
30,270,25,-3696,-10879,333,48108,72430,0,0,0,0,0,0
30,271,25,-4943,-7824,264,34682,63115,0,0,0,0,0,0
30,272,25,-4136,-4136,257,33007,62079,0,0,0,0,0,0
30,273,25,-2874,-3202,273,34742,61960,0,0,0,0,0,0
30,274,2,-2351,-3562,35,3711,5401,0,0,0,0,0,0
31,275,25,-133,-14767,409,39342,57128,0,0,0,0,0,0
31,276,25,-7011,-7011,260,36101,71194,0,0,0,0,0,0
31,277,25,-2163,-4291,204,27825,64678,0,0,0,0,0,0
31,278,25,5075,4396,305,39661,61478,0,0,0,0,0,0
31,279,25,5393,-1427,232,30117,58822,0,0,0,0,0,0
31,280,25,-414,-15463,388,44294,70330,0,0,0,0,0,0
31,281,25,-5274,-13322,346,50265,70201,0,0,0,0,0,0
31,282,25,-5899,-5899,208,28228,57233,0,0,0,0,0,0
31,283,14,-3969,-6323,99,12979,30606,0,0,0,0,0,0
32,284,25,-133,-8324,265,25378,48986,0,0,0,0,0,0
32,285,25,-20,-5794,237,30223,59944,0,0,0,0,0,0
32,286,25,-1251,-8397,212,29175,56743,0,0,0,0,0,0
32,287,25,588,-278,177,23792,54140,0,0,0,0,0,0
32,288,25,2869,-11110,246,29785,55632,0,0,0,0,0,0
32,289,25,-11946,-19001,417,46009,69088,0,0,0,0,0,0
32,290,25,-9902,-11755,299,48412,65857,0,0,0,0,0,0
32,291,25,-7289,-8513,193,26468,50030,0,0,0,0,0,0
32,292,17,-4445,-5720,81,9684,33503,0,0,0,0,0,0
33,293,25,-133,-12966,249,24857,46778,0,0,0,0,0,0
33,294,25,-3268,-3268,228,28832,57780,0,0,0,0,0,0
33,295,25,-2460,-13332,232,29932,56392,0,0,0,0,0,0
33,296,25,-2765,-2765,197,26037,54677,0,0,0,0,0,0
33,297,25,4615,-18697,442,47914,64315,0,0,0,0,0,0
33,298,25,-10040,-10040,402,52401,83774,0,0,0,0,0,0
33,299,25,2945,-14667,329,53057,67677,0,0,0,0,0,0
33,300,25,-10908,-11345,187,24734,49984,0,0,0,0,0,0
33,301,11,-8919,-8919,92,11315,21691,0,0,0,0,0,0
34,302,25,-133,-13369,298,29475,49653,0,0,0,0,0,0
34,303,25,-8969,-8969,215,28759,61319,0,0,0,0,0,0
34,304,25,-4434,-4434,180,23630,57503,0,0,0,0,0,0
34,305,25,-1544,-4899,193,25823,54899,0,0,0,0,0,0
34,306,25,2657,-4778,266,33339,55040,0,0,0,0,0,0
34,307,25,-4038,-9317,427,47644,70629,0,0,0,0,0,0
34,308,25,6605,-12877,407,58950,71415,0,0,0,0,0,0
34,309,25,-9881,-9881,247,35678,53820,0,0,0,0,0,0
34,310,17,-7451,-8314,117,14773,33752,0,0,0,0,0,0
35,311,25,-133,-11551,229,22144,46249,0,0,0,0,0,0
35,312,25,-8610,-8610,202,26227,57227,0,0,0,0,0,0
35,313,25,-595,-6025,203,25916,56837,0,0,0,0,0,0
35,314,25,-5949,-14515,473,52246,74953,0,0,0,0,0,0
35,315,25,5097,-8894,312,50622,69534,0,0,0,0,0,0
35,316,25,-7085,-7085,194,27281,49289,0,0,0,0,0,0
35,317,25,-5127,-6282,148,18055,48509,0,0,0,0,0,0
35,318,25,-3295,-4660,146,18776,48877,0,0,0,0,0,0
35,319,12,-3920,-3920,73,9694,23818,0,0,0,0,0,0
36,320,25,-133,-12721,395,38196,56208,0,0,0,0,0,0
36,321,25,-4911,-4911,257,35575,69949,0,0,0,0,0,0
36,322,25,-1058,-2676,216,28606,63895,0,0,0,0,0,0
36,323,25,3363,3363,276,35181,60782,0,0,0,0,0,0
36,324,25,4730,-13313,320,37788,62523,0,0,0,0,0,0
36,325,25,-7994,-7994,363,45799,75188,0,0,0,0,0,0
36,326,25,5635,-12338,330,49861,66134,0,0,0,0,0,0
36,327,25,-6685,-7890,189,24974,53988,0,0,0,0,0,0
36,328,21,-3911,-6369,180,22918,45881,0,0,0,0,0,0
37,329,25,-133,-12510,245,24018,46732,0,0,0,0,0,0
37,330,25,-6789,-10636,227,28937,57662,0,0,0,0,0,0
37,331,25,-7697,-7705,216,28817,56627,0,0,0,0,0,0
37,332,25,-2538,-21260,390,41579,63896,0,0,0,0,0,0
37,333,25,-17291,-17291,393,52158,79650,0,0,0,0,0,0
37,334,25,912,-9701,309,48561,65498,0,0,0,0,0,0
37,335,25,-5624,-8366,203,25413,52652,0,0,0,0,0,0
37,336,25,-6389,-8959,201,27137,51430,0,0,0,0,0,0
37,337,5,-8486,-8486,39,5530,10042,0,0,0,0,0,0
38,338,25,-133,-12510,245,24018,46732,0,0,0,0,0,0
38,339,25,-6789,-10636,227,28937,57662,0,0,0,0,0,0
38,340,25,-9084,-11580,214,28667,56372,0,0,0,0,0,0
38,341,25,-5431,-13418,310,35110,59140,0,0,0,0,0,0
38,342,25,-11034,-11034,403,49396,74311,0,0,0,0,0,0
38,343,25,-7998,-10865,379,55944,71852,0,0,0,0,0,0
38,344,25,-5833,-15602,281,39182,53849,0,0,0,0,0,0
38,345,25,-12636,-15381,208,26272,48580,0,0,0,0,0,0
38,346,10,-10399,-10399,65,8804,20026,0,0,0,0,0,0
39,347,25,-133,-12510,245,24018,46732,0,0,0,0,0,0
39,348,25,-6789,-10636,227,28937,57662,0,0,0,0,0,0
39,349,25,-6751,-7196,211,27388,56262,0,0,0,0,0,0
39,350,25,-3543,-6620,213,28229,54581,0,0,0,0,0,0
39,351,25,-6329,-21237,350,37066,59913,0,0,0,0,0,0
39,352,25,-18765,-19551,512,59612,87263,0,0,0,0,0,0
39,353,25,-5895,-19155,436,70654,78760,0,0,0,0,0,0
39,354,25,-14076,-15336,281,39119,51340,0,0,0,0,0,0
