record,request,frames,detected,score_a,score_b,cycles
0,0,25,0,-1073741824,-1073741824,980583
0,1,25,0,-1073741824,-1073741824,988930
0,2,25,0,-1073741824,-1073741824,986054
0,3,25,0,-1073741824,-1073741824,991812
0,4,25,0,-1073741824,-1073741824,988387
0,5,25,0,-1073741824,-1073741824,997695
0,6,25,0,-1073741824,-1073741824,1007725
0,7,25,7,0,-10122,11677081
0,8,16,6,0,0,11311486
1,0,25,0,-1073741824,-1073741824,999816
1,1,25,0,-1073741824,-1073741824,1013428
1,2,25,0,-1073741824,-1073741824,1003724
1,3,25,0,-1073741824,-1073741824,999865
1,4,25,0,-1073741824,-1073741824,997278
1,5,25,0,-1073741824,-1073741824,995134
1,6,25,0,-1073741824,-1073741824,998807
1,7,24,0,-1073741824,-1073741824,972759
2,0,25,0,-1073741824,-1073741824,980355
2,1,25,0,-1073741824,-1073741824,990736
2,2,25,0,-1073741824,-1073741824,1019041
2,3,25,0,-1073741824,-1073741824,1041941
2,4,25,0,-1073741824,-1073741824,1035487
2,5,25,7,0,0,11717246
2,6,25,4,-864,-864,11695308
2,7,25,0,-1073741824,-1073741824,980577
2,8,8,0,-1073741824,-1073741824,312361
3,0,25,0,-1073741824,-1073741824,977474
3,1,25,0,-1073741824,-1073741824,988534
3,2,25,0,-1073741824,-1073741824,984806
3,3,25,0,-1073741824,-1073741824,982162
3,4,25,0,-1073741824,-1073741824,984186
3,5,25,0,-1073741824,-1073741824,1009575
3,6,25,0,-1073741824,-1073741824,1024124
3,7,25,7,0,-27856,11686955
3,8,13,6,0,0,11197268
4,0,25,0,-1073741824,-1073741824,977465
4,1,25,0,-1073741824,-1073741824,987766
4,2,25,0,-1073741824,-1073741824,1013273
4,3,25,0,-1073741824,-1073741824,1036839
4,4,25,7,0,-25256,11702472
4,5,25,6,0,0,11674040
4,6,25,4,0,0,11664696
4,7,25,0,-1073741824,-1073741824,976362
4,8,19,0,-1073741824,-1073741824,742970
5,0,25,0,-1073741824,-1073741824,985611
5,1,25,0,-1073741824,-1073741824,995189
5,2,25,0,-1073741824,-1073741824,992320
5,3,25,0,-1073741824,-1073741824,1021362
5,4,25,7,0,-32374,11716365
5,5,25,6,0,0,11685274
5,6,25,4,0,0,11670557
5,7,25,0,-1073741824,-1073741824,979766
5,8,22,0,-1073741824,-1073741824,862765
6,0,25,0,-1073741824,-1073741824,977166
6,1,25,0,-1073741824,-1073741824,987834
6,2,25,0,-1073741824,-1073741824,987072
6,3,25,0,-1073741824,-1073741824,987983
6,4,25,0,-1073741824,-1073741824,1008013
6,5,25,7,0,-28852,11685938
6,6,25,6,0,0,11664021
6,7,25,4,0,0,11662761
6,8,6,0,-1073741824,-1073741824,235402
7,0,25,0,-1073741824,-1073741824,987704
7,1,25,0,-1073741824,-1073741824,1000352
7,2,25,0,-1073741824,-1073741824,995838
7,3,25,0,-1073741824,-1073741824,1007157
7,4,25,0,-1073741824,-1073741824,1017837
7,5,25,7,0,-20974,11692355
7,6,25,6,0,0,11677223
7,7,25,4,0,0,11674514
7,8,11,0,-1073741824,-1073741824,434181
8,0,25,0,-1073741824,-1073741824,986828
8,1,25,0,-1073741824,-1073741824,1004304
8,2,25,0,-1073741824,-1073741824,1010417
8,3,25,7,0,-25816,11683994
8,4,25,6,0,0,11666828
8,5,25,4,0,0,11662762
8,6,25,0,-1073741824,-1073741824,977820
8,7,25,0,-1073741824,-1073741824,979095
8,8,12,0,-1073741824,-1073741824,470562
9,0,25,0,-1073741824,-1073741824,977665
9,1,25,0,-1073741824,-1073741824,986278
9,2,25,0,-1073741824,-1073741824,984664
9,3,25,0,-1073741824,-1073741824,987973
9,4,25,0,-1073741824,-1073741824,998990
9,5,25,7,0,-31559,11680410
9,6,25,6,0,0,11665860
9,7,25,4,0,0,11660983
9,8,15,0,-1073741824,-1073741824,586899
10,0,25,0,-1073741824,-1073741824,1002548
10,1,25,0,-1073741824,-1073741824,1018058
10,2,25,0,-1073741824,-1073741824,1008326
10,3,25,0,-1073741824,-1073741824,1010801
10,4,25,0,-1073741824,-1073741824,1011932
10,5,25,0,-1073741824,-1073741824,1001943
10,6,25,0,-1073741824,-1073741824,997356
10,7,25,0,-1073741824,-1073741824,997373
10,8,1,0,-1073741824,-1073741824,40328
11,0,25,0,-1073741824,-1073741824,977212
11,1,25,0,-1073741824,-1073741824,987278
11,2,25,0,-1073741824,-1073741824,984516
11,3,25,0,-1073741824,-1073741824,986858
11,4,25,0,-1073741824,-1073741824,1004220
11,5,25,7,0,-36559,11683963
11,6,25,6,0,0,11665384
11,7,25,4,0,0,11662978
11,8,8,0,-1073741824,-1073741824,313761
12,0,25,0,-1073741824,-1073741824,979375
12,1,25,0,-1073741824,-1073741824,996220
12,2,25,0,-1073741824,-1073741824,1002314
12,3,25,0,-1073741824,-1073741824,998970
12,4,25,0,-1073741824,-1073741824,983753
12,5,25,0,-1073741824,-1073741824,976808
12,6,25,0,-1073741824,-1073741824,978780
12,7,25,0,-1073741824,-1073741824,978879
12,8,12,0,-1073741824,-1073741824,470662
13,0,25,0,-1073741824,-1073741824,1006364
13,1,25,0,-1073741824,-1073741824,1023764
13,2,25,0,-1073741824,-1073741824,1016423
13,3,25,0,-1073741824,-1073741824,1017777
13,4,25,0,-1073741824,-1073741824,1008701
13,5,25,0,-1073741824,-1073741824,1001080
13,6,25,0,-1073741824,-1073741824,1000646
13,7,25,0,-1073741824,-1073741824,1001414
13,8,7,0,-1073741824,-1073741824,280689
14,0,25,0,-1073741824,-1073741824,977513
14,1,25,0,-1073741824,-1073741824,986799
14,2,25,0,-1073741824,-1073741824,985804
14,3,25,0,-1073741824,-1073741824,987150
14,4,25,0,-1073741824,-1073741824,1004330
14,5,25,0,-1073741824,-1073741824,1003412
14,6,25,0,-1073741824,-1073741824,1012311
14,7,25,0,-1073741824,-1073741824,1017782
14,8,17,0,-1073741824,-1073741824,674599
15,0,25,0,-1073741824,-1073741824,993511
15,1,25,0,-1073741824,-1073741824,1018208
15,2,25,0,-1073741824,-1073741824,994476
15,3,25,0,-1073741824,-1073741824,980982
15,4,25,0,-1073741824,-1073741824,981794
15,5,25,0,-1073741824,-1073741824,982875
15,6,25,0,-1073741824,-1073741824,983108
15,7,25,0,-1073741824,-1073741824,983360
15,8,2,0,-1073741824,-1073741824,78824
16,0,25,0,-1073741824,-1073741824,1003124
16,1,25,0,-1073741824,-1073741824,1017783
16,2,25,0,-1073741824,-1073741824,1008435
16,3,25,0,-1073741824,-1073741824,1002520
16,4,25,0,-1073741824,-1073741824,1001119
16,5,25,0,-1073741824,-1073741824,1003503
16,6,25,0,-1073741824,-1073741824,1000554
16,7,25,0,-1073741824,-1073741824,996729
16,8,1,0,-1073741824,-1073741824,40266
17,0,25,0,-1073741824,-1073741824,980353
17,1,25,0,-1073741824,-1073741824,993955
17,2,25,0,-1073741824,-1073741824,999492
17,3,25,0,-1073741824,-1073741824,989412
17,4,25,0,-1073741824,-1073741824,979456
17,5,25,0,-1073741824,-1073741824,979567
17,6,25,0,-1073741824,-1073741824,979636
17,7,25,0,-1073741824,-1073741824,980203
17,8,14,0,-1073741824,-1073741824,549473
18,0,25,0,-1073741824,-1073741824,979522
18,1,25,0,-1073741824,-1073741824,990821
18,2,25,0,-1073741824,-1073741824,987189
18,3,25,0,-1073741824,-1073741824,994738
18,4,25,0,-1073741824,-1073741824,1015576
18,5,25,0,-1073741824,-1073741824,999885
18,6,25,0,-1073741824,-1073741824,981003
18,7,25,0,-1073741824,-1073741824,979650
18,8,12,0,-1073741824,-1073741824,470781
19,0,25,0,-1073741824,-1073741824,978713
19,1,25,0,-1073741824,-1073741824,989349
19,2,25,0,-1073741824,-1073741824,994433
19,3,25,0,-1073741824,-1073741824,1012322
19,4,25,0,-1073741824,-1073741824,996470
19,5,25,0,-1073741824,-1073741824,977757
19,6,25,0,-1073741824,-1073741824,978082
19,7,25,0,-1073741824,-1073741824,980367
19,8,21,0,-1073741824,-1073741824,824350
20,0,25,0,-1073741824,-1073741824,979129
20,1,25,0,-1073741824,-1073741824,991135
20,2,25,0,-1073741824,-1073741824,988254
20,3,25,0,-1073741824,-1073741824,985306
20,4,25,0,-1073741824,-1073741824,997927
20,5,25,0,-1073741824,-1073741824,1024405
20,6,25,0,-1073741824,-1073741824,1006589
20,7,25,0,-1073741824,-1073741824,980895
20,8,8,0,-1073741824,-1073741824,313176
21,0,25,0,-1073741824,-1073741824,977789
21,1,25,0,-1073741824,-1073741824,1007203
21,2,25,0,-1073741824,-1073741824,998329
21,3,25,0,-1073741824,-1073741824,980679
21,4,25,0,-1073741824,-1073741824,980769
21,5,25,0,-1073741824,-1073741824,980544
21,6,25,0,-1073741824,-1073741824,981749
21,7,25,0,-1073741824,-1073741824,982148
22,0,25,0,-1073741824,-1073741824,997887
22,1,25,0,-1073741824,-1073741824,1011812
22,2,25,0,-1073741824,-1073741824,1003048
22,3,25,0,-1073741824,-1073741824,999313
22,4,25,0,-1073741824,-1073741824,996723
22,5,25,0,-1073741824,-1073741824,994059
22,6,25,0,-1073741824,-1073741824,999735
22,7,25,0,-1073741824,-1073741824,998906
22,8,15,0,-1073741824,-1073741824,595999
23,0,25,0,-1073741824,-1073741824,989961
23,1,25,0,-1073741824,-1073741824,1007031
23,2,25,0,-1073741824,-1073741824,1000651
23,3,25,0,-1073741824,-1073741824,999068
23,4,25,0,-1073741824,-1073741824,1016823
23,5,25,0,-1073741824,-1073741824,1000865
23,6,25,0,-1073741824,-1073741824,986801
23,7,25,0,-1073741824,-1073741824,988452
23,8,21,0,-1073741824,-1073741824,830384
24,0,25,0,-1073741824,-1073741824,983746
24,1,25,0,-1073741824,-1073741824,994094
24,2,25,0,-1073741824,-1073741824,1005376
24,3,25,0,-1073741824,-1073741824,1021398
24,4,25,0,-1073741824,-1073741824,1003573
24,5,25,0,-1073741824,-1073741824,983561
24,6,25,0,-1073741824,-1073741824,980862
24,7,25,0,-1073741824,-1073741824,982526
24,8,25,0,-1073741824,-1073741824,981772
24,9,25,0,-1073741824,-1073741824,989325
24,10,25,0,-1073741824,-1073741824,996615
24,11,25,0,-1073741824,-1073741824,989774
24,12,25,0,-1073741824,-1073741824,982500
24,13,25,0,-1073741824,-1073741824,980888
24,14,25,0,-1073741824,-1073741824,981279
24,15,25,0,-1073741824,-1073741824,981528
24,16,25,0,-1073741824,-1073741824,981954
24,17,25,0,-1073741824,-1073741824,982729
24,18,25,0,-1073741824,-1073741824,982510
24,19,25,0,-1073741824,-1073741824,983339
24,20,25,0,-1073741824,-1073741824,984395
24,21,25,0,-1073741824,-1073741824,985253
24,22,25,0,-1073741824,-1073741824,1016140
24,23,25,0,-1073741824,-1073741824,1014534
24,24,25,0,-1073741824,-1073741824,988031
24,25,25,0,-1073741824,-1073741824,981183
24,26,25,0,-1073741824,-1073741824,981784
24,27,25,0,-1073741824,-1073741824,981138
24,28,25,0,-1073741824,-1073741824,982295
24,29,25,0,-1073741824,-1073741824,982197
24,30,25,0,-1073741824,-1073741824,993936
24,31,25,0,-1073741824,-1073741824,1011668
24,32,25,0,-1073741824,-1073741824,1017724
24,33,25,0,-1073741824,-1073741824,995843
24,34,25,0,-1073741824,-1073741824,982591
24,35,25,0,-1073741824,-1073741824,982792
24,36,25,0,-1073741824,-1073741824,989007
24,37,25,0,-1073741824,-1073741824,1000280
24,38,25,0,-1073741824,-1073741824,1010221
24,39,25,0,-1073741824,-1073741824,1008645
24,40,25,0,-1073741824,-1073741824,990469
24,41,25,0,-1073741824,-1073741824,982208
24,42,25,0,-1073741824,-1073741824,984118
24,43,25,0,-1073741824,-1073741824,984450
24,44,25,0,-1073741824,-1073741824,984163
24,45,25,0,-1073741824,-1073741824,984342
24,46,25,0,-1073741824,-1073741824,984511
24,47,25,0,-1073741824,-1073741824,989081
24,48,25,0,-1073741824,-1073741824,991253
24,49,25,0,-1073741824,-1073741824,1007249
24,50,25,0,-1073741824,-1073741824,1012905
24,51,25,0,-1073741824,-1073741824,1006093
24,52,25,0,-1073741824,-1073741824,1005511
24,53,25,0,-1073741824,-1073741824,1003670
24,54,25,0,-1073741824,-1073741824,1000793
24,55,25,0,-1073741824,-1073741824,997966
24,56,25,0,-1073741824,-1073741824,986490
24,57,25,0,-1073741824,-1073741824,982411
24,58,25,0,-1073741824,-1073741824,1000524
24,59,25,0,-1073741824,-1073741824,1016955
24,60,25,0,-1073741824,-1073741824,1008950
24,61,25,0,-1073741824,-1073741824,1004686
24,62,25,0,-1073741824,-1073741824,1001074
24,63,25,0,-1073741824,-1073741824,998636
24,64,25,0,-1073741824,-1073741824,1001337
24,65,25,0,-1073741824,-1073741824,1006192
24,66,25,0,-1073741824,-1073741824,1002609
24,67,25,0,-1073741824,-1073741824,986967
24,68,25,0,-1073741824,-1073741824,981989
24,69,25,0,-1073741824,-1073741824,985463
24,70,25,0,-1073741824,-1073741824,1009455
24,71,25,0,-1073741824,-1073741824,1016499
24,72,25,0,-1073741824,-1073741824,1009912
24,73,25,0,-1073741824,-1073741824,1008994
24,74,25,0,-1073741824,-1073741824,999795
24,75,25,0,-1073741824,-1073741824,997901
24,76,25,0,-1073741824,-1073741824,1003599
24,77,25,0,-1073741824,-1073741824,1001272
24,78,25,0,-1073741824,-1073741824,1000101
24,79,25,0,-1073741824,-1073741824,1000922
24,80,25,0,-1073741824,-1073741824,997734
24,81,25,0,-1073741824,-1073741824,1001851
24,82,25,0,-1073741824,-1073741824,1003761
24,83,25,0,-1073741824,-1073741824,997871
24,84,25,0,-1073741824,-1073741824,992155
24,85,25,0,-1073741824,-1073741824,992508
24,86,25,0,-1073741824,-1073741824,997859
24,87,25,0,-1073741824,-1073741824,987619
24,88,25,0,-1073741824,-1073741824,980411
24,89,25,0,-1073741824,-1073741824,981553
24,90,25,0,-1073741824,-1073741824,982091
24,91,25,0,-1073741824,-1073741824,982140
24,92,25,0,-1073741824,-1073741824,983108
24,93,25,0,-1073741824,-1073741824,982634
24,94,25,0,-1073741824,-1073741824,998732
24,95,25,0,-1073741824,-1073741824,1017923
24,96,25,0,-1073741824,-1073741824,1006705
24,97,25,0,-1073741824,-1073741824,1001723
24,98,25,0,-1073741824,-1073741824,1006673
24,99,25,0,-1073741824,-1073741824,1005426
24,100,25,0,-1073741824,-1073741824,999244
24,101,25,0,-1073741824,-1073741824,998807
24,102,25,0,-1073741824,-1073741824,987608
24,103,25,0,-1073741824,-1073741824,980762
24,104,25,0,-1073741824,-1073741824,1000633
24,105,25,0,-1073741824,-1073741824,1016245
24,106,25,0,-1073741824,-1073741824,1008986
24,107,25,0,-1073741824,-1073741824,1001329
24,108,25,0,-1073741824,-1073741824,996347
24,109,25,0,-1073741824,-1073741824,992691
24,110,25,0,-1073741824,-1073741824,1003049
24,111,25,0,-1073741824,-1073741824,1000074
24,112,25,0,-1073741824,-1073741824,1001030
24,113,25,0,-1073741824,-1073741824,998414
24,114,25,0,-1073741824,-1073741824,990065
24,115,25,0,-1073741824,-1073741824,999307
24,116,25,0,-1073741824,-1073741824,1006378
24,117,25,0,-1073741824,-1073741824,998858
24,118,25,0,-1073741824,-1073741824,1001831
24,119,25,0,-1073741824,-1073741824,996765
25,0,25,0,-1073741824,-1073741824,1002495
25,1,25,0,-1073741824,-1073741824,1025311
25,2,25,0,-1073741824,-1073741824,1012742
25,3,25,0,-1073741824,-1073741824,1003822
25,4,25,0,-1073741824,-1073741824,1005005
25,5,25,0,-1073741824,-1073741824,998714
25,6,25,0,-1073741824,-1073741824,1003675
25,7,25,0,-1073741824,-1073741824,1003369
25,8,25,0,-1073741824,-1073741824,997791
25,9,25,0,-1073741824,-1073741824,1000135
25,10,25,0,-1073741824,-1073741824,1001553
25,11,25,0,-1073741824,-1073741824,1003752
25,12,25,0,-1073741824,-1073741824,1000396
25,13,25,0,-1073741824,-1073741824,994467
25,14,25,0,-1073741824,-1073741824,994374
25,15,25,0,-1073741824,-1073741824,992433
25,16,25,0,-1073741824,-1073741824,986561
25,17,25,0,-1073741824,-1073741824,978561
25,18,25,0,-1073741824,-1073741824,976881
25,19,25,0,-1073741824,-1073741824,995871
25,20,25,0,-1073741824,-1073741824,1000666
25,21,25,0,-1073741824,-1073741824,999273
25,22,25,0,-1073741824,-1073741824,997448
25,23,25,0,-1073741824,-1073741824,996181
25,24,25,0,-1073741824,-1073741824,984455
25,25,25,0,-1073741824,-1073741824,976945
25,26,25,0,-1073741824,-1073741824,977074
25,27,25,0,-1073741824,-1073741824,978181
25,28,25,0,-1073741824,-1073741824,979349
25,29,25,0,-1073741824,-1073741824,984978
25,30,25,0,-1073741824,-1073741824,1007260
25,31,25,0,-1073741824,-1073741824,994860
25,32,25,0,-1073741824,-1073741824,977601
25,33,25,0,-1073741824,-1073741824,977505
25,34,25,0,-1073741824,-1073741824,998087
25,35,25,0,-1073741824,-1073741824,1013338
25,36,25,0,-1073741824,-1073741824,1002860
25,37,25,0,-1073741824,-1073741824,997660
25,38,25,0,-1073741824,-1073741824,1006829
25,39,25,6,-5292,-10616,11690092
25,40,25,6,-8086,-10399,11684309
25,41,25,5,0,0,11694306
25,42,25,0,-1073741824,-1073741824,1008890
25,43,25,0,-1073741824,-1073741824,1001585
25,44,25,0,-1073741824,-1073741824,995747
25,45,25,0,-1073741824,-1073741824,1001873
25,46,25,0,-1073741824,-1073741824,995108
25,47,25,0,-1073741824,-1073741824,998134
25,48,25,0,-1073741824,-1073741824,1004796
25,49,25,0,-1073741824,-1073741824,998095
25,50,25,0,-1073741824,-1073741824,990312
25,51,25,0,-1073741824,-1073741824,984060
25,52,25,0,-1073741824,-1073741824,991644
25,53,25,0,-1073741824,-1073741824,1004953
25,54,25,0,-1073741824,-1073741824,1002110
25,55,25,0,-1073741824,-1073741824,997856
25,56,25,0,-1073741824,-1073741824,995896
25,57,25,0,-1073741824,-1073741824,988346
25,58,25,0,-1073741824,-1073741824,982017
25,59,25,0,-1073741824,-1073741824,982777
25,60,25,0,-1073741824,-1073741824,984171
25,61,25,0,-1073741824,-1073741824,984313
25,62,25,0,-1073741824,-1073741824,985199
25,63,25,0,-1073741824,-1073741824,1000517
25,64,25,0,-1073741824,-1073741824,999857
25,65,25,0,-1073741824,-1073741824,985110
25,66,25,0,-1073741824,-1073741824,982889
25,67,25,0,-1073741824,-1073741824,979035
25,68,25,0,-1073741824,-1073741824,977060
25,69,25,0,-1073741824,-1073741824,978110
25,70,25,0,-1073741824,-1073741824,979159
25,71,25,0,-1073741824,-1073741824,979457
25,72,25,0,-1073741824,-1073741824,979260
25,73,25,0,-1073741824,-1073741824,978410
25,74,25,0,-1073741824,-1073741824,984249
25,75,25,0,-1073741824,-1073741824,1009522
25,76,25,0,-1073741824,-1073741824,1012726
25,77,25,0,-1073741824,-1073741824,1005523
25,78,25,0,-1073741824,-1073741824,1005288
25,79,25,0,-1073741824,-1073741824,998603
25,80,25,0,-1073741824,-1073741824,1002402
25,81,25,0,-1073741824,-1073741824,993859
25,82,25,0,-1073741824,-1073741824,995409
25,83,25,0,-1073741824,-1073741824,1002621
25,84,25,0,-1073741824,-1073741824,998998
25,85,25,0,-1073741824,-1073741824,995655
25,86,25,0,-1073741824,-1073741824,1000573
25,87,25,0,-1073741824,-1073741824,992305
25,88,25,0,-1073741824,-1073741824,996650
25,89,25,0,-1073741824,-1073741824,992464
25,90,25,0,-1073741824,-1073741824,978610
25,91,25,0,-1073741824,-1073741824,979418
25,92,25,0,-1073741824,-1073741824,1000677
25,93,25,0,-1073741824,-1073741824,1003179
25,94,25,0,-1073741824,-1073741824,997173
25,95,25,0,-1073741824,-1073741824,995008
25,96,25,0,-1073741824,-1073741824,998533
25,97,25,0,-1073741824,-1073741824,993396
25,98,25,0,-1073741824,-1073741824,994067
25,99,25,0,-1073741824,-1073741824,991689
25,100,25,0,-1073741824,-1073741824,980339
25,101,25,0,-1073741824,-1073741824,978184
25,102,25,0,-1073741824,-1073741824,979749
25,103,25,0,-1073741824,-1073741824,979846
25,104,25,0,-1073741824,-1073741824,981120
25,105,25,0,-1073741824,-1073741824,981879
25,106,25,0,-1073741824,-1073741824,1002562
25,107,25,0,-1073741824,-1073741824,1017606
25,108,25,0,-1073741824,-1073741824,992617
25,109,25,0,-1073741824,-1073741824,978364
25,110,25,0,-1073741824,-1073741824,979543
25,111,25,0,-1073741824,-1073741824,980215
25,112,25,0,-1073741824,-1073741824,980458
25,113,25,0,-1073741824,-1073741824,981678
25,114,25,0,-1073741824,-1073741824,982011
25,115,25,0,-1073741824,-1073741824,982223
25,116,25,0,-1073741824,-1073741824,983818
25,117,25,0,-1073741824,-1073741824,1006960
25,118,25,0,-1073741824,-1073741824,997746
25,119,25,0,-1073741824,-1073741824,978977
26,0,25,0,-1073741824,-1073741824,1000098
26,1,25,0,-1073741824,-1073741824,1008254
26,2,25,0,-1073741824,-1073741824,1013266
26,3,25,0,-1073741824,-1073741824,1006408
26,4,25,0,-1073741824,-1073741824,992715
26,5,25,0,-1073741824,-1073741824,998840
26,6,25,0,-1073741824,-1073741824,996834
26,7,25,0,-1073741824,-1073741824,989734
26,8,25,0,-1073741824,-1073741824,994922
26,9,25,0,-1073741824,-1073741824,994577
26,10,25,0,-1073741824,-1073741824,998610
26,11,25,0,-1073741824,-1073741824,1005575
26,12,25,0,-1073741824,-1073741824,1007034
26,13,25,0,-1073741824,-1073741824,997729
26,14,25,0,-1073741824,-1073741824,991991
26,15,25,0,-1073741824,-1073741824,993230
26,16,25,0,-1073741824,-1073741824,992301
26,17,25,0,-1073741824,-1073741824,996390
26,18,25,0,-1073741824,-1073741824,998344
26,19,25,0,-1073741824,-1073741824,984693
26,20,25,0,-1073741824,-1073741824,975242
26,21,25,0,-1073741824,-1073741824,992441
26,22,25,0,-1073741824,-1073741824,1003450
26,23,25,0,-1073741824,-1073741824,1001690
26,24,25,0,-1073741824,-1073741824,997202
26,25,25,0,-1073741824,-1073741824,990506
26,26,25,0,-1073741824,-1073741824,995607
26,27,25,0,-1073741824,-1073741824,1000473
26,28,25,0,-1073741824,-1073741824,987502
26,29,25,0,-1073741824,-1073741824,978609
26,30,25,0,-1073741824,-1073741824,977190
26,31,25,0,-1073741824,-1073741824,979345
26,32,25,0,-1073741824,-1073741824,980372
26,33,25,0,-1073741824,-1073741824,980935
26,34,25,0,-1073741824,-1073741824,980840
26,35,25,0,-1073741824,-1073741824,981928
26,36,25,0,-1073741824,-1073741824,983410
26,37,25,0,-1073741824,-1073741824,1001647
26,38,25,0,-1073741824,-1073741824,1020153
26,39,25,7,0,-12665,11696612
26,40,25,6,0,-1735,11683240
26,41,25,4,0,-612,11687675
26,42,25,0,-1073741824,-1073741824,999663
26,43,25,0,-1073741824,-1073741824,1003830
26,44,25,0,-1073741824,-1073741824,1000919
26,45,25,0,-1073741824,-1073741824,1001772
26,46,25,0,-1073741824,-1073741824,995987
26,47,25,0,-1073741824,-1073741824,989107
26,48,25,0,-1073741824,-1073741824,1004782
26,49,25,0,-1073741824,-1073741824,1007494
26,50,25,0,-1073741824,-1073741824,998490
26,51,25,0,-1073741824,-1073741824,993041
26,52,25,0,-1073741824,-1073741824,992775
26,53,25,0,-1073741824,-1073741824,981543
26,54,25,0,-1073741824,-1073741824,992871
26,55,25,0,-1073741824,-1073741824,1006571
26,56,25,0,-1073741824,-1073741824,1002639
26,57,25,0,-1073741824,-1073741824,995617
26,58,25,0,-1073741824,-1073741824,1000513
26,59,25,0,-1073741824,-1073741824,1000973
26,60,25,0,-1073741824,-1073741824,994970
26,61,25,0,-1073741824,-1073741824,998562
26,62,25,0,-1073741824,-1073741824,1001714
26,63,25,0,-1073741824,-1073741824,1000509
26,64,25,0,-1073741824,-1073741824,992158
26,65,25,0,-1073741824,-1073741824,995446
26,66,25,0,-1073741824,-1073741824,1004355
26,67,25,0,-1073741824,-1073741824,1005117
26,68,25,0,-1073741824,-1073741824,999084
26,69,25,0,-1073741824,-1073741824,999477
26,70,25,0,-1073741824,-1073741824,989243
26,71,25,0,-1073741824,-1073741824,977615
26,72,25,0,-1073741824,-1073741824,977095
26,73,25,0,-1073741824,-1073741824,978114
26,74,25,0,-1073741824,-1073741824,979073
26,75,25,0,-1073741824,-1073741824,978812
26,76,25,0,-1073741824,-1073741824,984212
26,77,25,0,-1073741824,-1073741824,992068
26,78,25,0,-1073741824,-1073741824,1010851
26,79,25,0,-1073741824,-1073741824,1007470
26,80,25,0,-1073741824,-1073741824,982875
26,81,25,0,-1073741824,-1073741824,978157
26,82,25,0,-1073741824,-1073741824,979235
26,83,25,0,-1073741824,-1073741824,979853
26,84,25,0,-1073741824,-1073741824,980934
26,85,25,0,-1073741824,-1073741824,981045
26,86,25,0,-1073741824,-1073741824,980935
26,87,25,0,-1073741824,-1073741824,981596
26,88,25,0,-1073741824,-1073741824,980802
26,89,25,0,-1073741824,-1073741824,995194
26,90,25,0,-1073741824,-1073741824,1003841
26,91,25,0,-1073741824,-1073741824,996742
26,92,25,0,-1073741824,-1073741824,999635
26,93,25,0,-1073741824,-1073741824,1004888
26,94,25,0,-1073741824,-1073741824,1001071
26,95,25,0,-1073741824,-1073741824,999499
26,96,25,0,-1073741824,-1073741824,991799
26,97,25,0,-1073741824,-1073741824,998633
26,98,25,0,-1073741824,-1073741824,1000175
26,99,25,0,-1073741824,-1073741824,992375
26,100,25,0,-1073741824,-1073741824,997063
26,101,25,0,-1073741824,-1073741824,989153
26,102,25,0,-1073741824,-1073741824,987319
26,103,25,0,-1073741824,-1073741824,1002278
26,104,25,0,-1073741824,-1073741824,999810
26,105,25,0,-1073741824,-1073741824,990045
26,106,25,0,-1073741824,-1073741824,997927
26,107,25,0,-1073741824,-1073741824,1001039
26,108,25,0,-1073741824,-1073741824,986219
26,109,25,0,-1073741824,-1073741824,976839
26,110,25,0,-1073741824,-1073741824,983369
26,111,25,0,-1073741824,-1073741824,1004225
26,112,25,0,-1073741824,-1073741824,1002639
26,113,25,0,-1073741824,-1073741824,1000326
26,114,25,0,-1073741824,-1073741824,997796
26,115,25,0,-1073741824,-1073741824,997876
26,116,25,0,-1073741824,-1073741824,1009227
26,117,25,0,-1073741824,-1073741824,1010685
26,118,25,0,-1073741824,-1073741824,1006473
26,119,25,0,-1073741824,-1073741824,1012924
27,0,25,0,-1073741824,-1073741824,991826
27,1,25,0,-1073741824,-1073741824,1004199
27,2,25,0,-1073741824,-1073741824,996072
27,3,25,0,-1073741824,-1073741824,996042
27,4,25,0,-1073741824,-1073741824,992086
27,5,25,0,-1073741824,-1073741824,988341
27,6,25,0,-1073741824,-1073741824,989584
27,7,25,0,-1073741824,-1073741824,994666
27,8,25,0,-1073741824,-1073741824,994066
27,9,25,0,-1073741824,-1073741824,995579
27,10,25,0,-1073741824,-1073741824,990292
27,11,25,0,-1073741824,-1073741824,987912
27,12,25,0,-1073741824,-1073741824,988155
27,13,25,0,-1073741824,-1073741824,984523
27,14,25,0,-1073741824,-1073741824,985694
27,15,25,0,-1073741824,-1073741824,987813
27,16,25,0,-1073741824,-1073741824,984129
27,17,25,0,-1073741824,-1073741824,981395
27,18,25,0,-1073741824,-1073741824,982151
27,19,25,0,-1073741824,-1073741824,981736
27,20,25,0,-1073741824,-1073741824,980309
27,21,25,0,-1073741824,-1073741824,980272
27,22,25,0,-1073741824,-1073741824,981333
27,23,25,0,-1073741824,-1073741824,987859
27,24,25,0,-1073741824,-1073741824,989910
27,25,25,0,-1073741824,-1073741824,981548
27,26,25,0,-1073741824,-1073741824,979640
27,27,25,0,-1073741824,-1073741824,980081
27,28,25,0,-1073741824,-1073741824,982495
27,29,25,0,-1073741824,-1073741824,986548
27,30,25,0,-1073741824,-1073741824,994480
27,31,25,0,-1073741824,-1073741824,1013572
27,32,25,0,-1073741824,-1073741824,997270
27,33,25,0,-1073741824,-1073741824,979009
27,34,25,0,-1073741824,-1073741824,978852
27,35,25,0,-1073741824,-1073741824,979896
27,36,25,0,-1073741824,-1073741824,981045
27,37,25,0,-1073741824,-1073741824,990452
27,38,25,0,-1073741824,-1073741824,1016985
27,39,25,6,-21728,-32032,11695822
27,40,25,6,-23608,-23608,11668743
27,41,25,4,-24425,-24425,11663982
27,42,25,0,-1073741824,-1073741824,979157
27,43,25,0,-1073741824,-1073741824,980793
27,44,25,0,-1073741824,-1073741824,981316
27,45,25,0,-1073741824,-1073741824,982141
27,46,25,0,-1073741824,-1073741824,990968
27,47,25,0,-1073741824,-1073741824,1007172
27,48,25,0,-1073741824,-1073741824,1008717
27,49,25,0,-1073741824,-1073741824,1007765
27,50,25,0,-1073741824,-1073741824,1000127
27,51,25,0,-1073741824,-1073741824,997383
27,52,25,0,-1073741824,-1073741824,991365
27,53,25,0,-1073741824,-1073741824,999165
27,54,25,0,-1073741824,-1073741824,1007057
27,55,25,0,-1073741824,-1073741824,999613
27,56,25,0,-1073741824,-1073741824,1002359
27,57,25,0,-1073741824,-1073741824,1004477
27,58,25,0,-1073741824,-1073741824,1001960
27,59,25,0,-1073741824,-1073741824,995600
27,60,25,0,-1073741824,-1073741824,990048
27,61,25,0,-1073741824,-1073741824,989374
27,62,25,0,-1073741824,-1073741824,990747
27,63,25,0,-1073741824,-1073741824,991261
27,64,25,0,-1073741824,-1073741824,992017
27,65,25,0,-1073741824,-1073741824,998918
27,66,25,0,-1073741824,-1073741824,1007927
27,67,25,0,-1073741824,-1073741824,1006650
27,68,25,0,-1073741824,-1073741824,994442
27,69,25,0,-1073741824,-1073741824,990212
27,70,25,0,-1073741824,-1073741824,990909
27,71,25,0,-1073741824,-1073741824,991936
27,72,25,0,-1073741824,-1073741824,992317
27,73,25,0,-1073741824,-1073741824,992657
27,74,25,0,-1073741824,-1073741824,993614
27,75,25,0,-1073741824,-1073741824,1002436
27,76,25,0,-1073741824,-1073741824,1000210
27,77,25,0,-1073741824,-1073741824,1002132
27,78,25,0,-1073741824,-1073741824,1005366
27,79,25,0,-1073741824,-1073741824,1000879
27,80,25,0,-1073741824,-1073741824,999454
27,81,25,0,-1073741824,-1073741824,1002234
27,82,25,0,-1073741824,-1073741824,1002334
27,83,25,0,-1073741824,-1073741824,999648
27,84,25,0,-1073741824,-1073741824,992771
27,85,25,0,-1073741824,-1073741824,992716
27,86,25,0,-1073741824,-1073741824,1004444
27,87,25,0,-1073741824,-1073741824,1010469
27,88,25,0,-1073741824,-1073741824,1009399
27,89,25,0,-1073741824,-1073741824,1008087
27,90,25,0,-1073741824,-1073741824,1010806
27,91,25,0,-1073741824,-1073741824,1007290
27,92,25,0,-1073741824,-1073741824,1004281
27,93,25,0,-1073741824,-1073741824,1002774
27,94,25,0,-1073741824,-1073741824,1001586
27,95,25,0,-1073741824,-1073741824,1001021
27,96,25,0,-1073741824,-1073741824,1002920
27,97,25,0,-1073741824,-1073741824,1004626
27,98,25,0,-1073741824,-1073741824,1010628
27,99,25,0,-1073741824,-1073741824,1014807
27,100,25,0,-1073741824,-1073741824,1006340
27,101,25,0,-1073741824,-1073741824,999810
27,102,25,0,-1073741824,-1073741824,1001221
27,103,25,0,-1073741824,-1073741824,1001944
27,104,25,0,-1073741824,-1073741824,1006530
27,105,25,0,-1073741824,-1073741824,1012903
27,106,25,0,-1073741824,-1073741824,1010347
27,107,25,0,-1073741824,-1073741824,1006999
27,108,25,0,-1073741824,-1073741824,1007481
27,109,25,0,-1073741824,-1073741824,1006586
27,110,25,0,-1073741824,-1073741824,1004986
27,111,25,0,-1073741824,-1073741824,1004291
27,112,25,0,-1073741824,-1073741824,1003901
27,113,25,0,-1073741824,-1073741824,1008291
27,114,25,0,-1073741824,-1073741824,1007113
27,115,25,0,-1073741824,-1073741824,1004612
27,116,25,0,-1073741824,-1073741824,1003314
27,117,25,0,-1073741824,-1073741824,1001108
27,118,25,0,-1073741824,-1073741824,1004176
27,119,25,0,-1073741824,-1073741824,1013877
28,0,25,0,-1073741824,-1073741824,979375
28,1,25,0,-1073741824,-1073741824,991651
28,2,25,0,-1073741824,-1073741824,986303
28,3,25,0,-1073741824,-1073741824,984878
28,4,25,0,-1073741824,-1073741824,983709
28,5,25,0,-1073741824,-1073741824,984778
28,6,25,0,-1073741824,-1073741824,983777
28,7,25,0,-1073741824,-1073741824,985663
28,8,25,0,-1073741824,-1073741824,989017
28,9,25,0,-1073741824,-1073741824,1002274
28,10,25,0,-1073741824,-1073741824,1020825
28,11,25,0,-1073741824,-1073741824,996900
28,12,25,0,-1073741824,-1073741824,978674
28,13,25,0,-1073741824,-1073741824,979304
28,14,25,0,-1073741824,-1073741824,978518
28,15,25,0,-1073741824,-1073741824,1005263
28,16,25,0,-1073741824,-1073741824,1025059
28,17,25,0,-1073741824,-1073741824,1006085
28,18,25,0,-1073741824,-1073741824,987079
28,19,25,0,-1073741824,-1073741824,978383
28,20,25,0,-1073741824,-1073741824,983202
28,21,25,0,-1073741824,-1073741824,1004500
28,22,25,0,-1073741824,-1073741824,998091
28,23,25,0,-1073741824,-1073741824,981150
28,24,25,0,-1073741824,-1073741824,980234
28,25,25,0,-1073741824,-1073741824,983104
28,26,25,0,-1073741824,-1073741824,985486
28,27,25,0,-1073741824,-1073741824,1000659
28,28,25,0,-1073741824,-1073741824,990843
28,29,25,0,-1073741824,-1073741824,977261
28,30,25,0,-1073741824,-1073741824,977269
28,31,25,0,-1073741824,-1073741824,978414
28,32,25,0,-1073741824,-1073741824,978856
28,33,25,0,-1073741824,-1073741824,979428
28,34,25,0,-1073741824,-1073741824,979495
28,35,25,0,-1073741824,-1073741824,979136
28,36,25,0,-1073741824,-1073741824,980412
28,37,25,0,-1073741824,-1073741824,992855
28,38,25,0,-1073741824,-1073741824,1006991
28,39,25,7,0,-17309,11678363
28,40,25,6,0,0,11662993
28,41,25,4,-799,-799,11661429
28,42,25,0,-1073741824,-1073741824,977640
28,43,25,0,-1073741824,-1073741824,978534
28,44,25,0,-1073741824,-1073741824,979904
28,45,25,0,-1073741824,-1073741824,980413
28,46,25,0,-1073741824,-1073741824,981122
28,47,25,0,-1073741824,-1073741824,980138
28,48,25,0,-1073741824,-1073741824,986190
28,49,25,0,-1073741824,-1073741824,1002677
28,50,25,0,-1073741824,-1073741824,994195
28,51,25,0,-1073741824,-1073741824,978993
28,52,25,0,-1073741824,-1073741824,977766
28,53,25,0,-1073741824,-1073741824,985811
28,54,25,0,-1073741824,-1073741824,989831
28,55,25,0,-1073741824,-1073741824,988656
28,56,25,0,-1073741824,-1073741824,999714
28,57,25,0,-1073741824,-1073741824,1014811
28,58,25,0,-1073741824,-1073741824,998118
28,59,25,0,-1073741824,-1073741824,983958
28,60,25,0,-1073741824,-1073741824,983653
28,61,25,0,-1073741824,-1073741824,985292
28,62,25,0,-1073741824,-1073741824,985395
28,63,25,0,-1073741824,-1073741824,992676
28,64,25,0,-1073741824,-1073741824,1012150
28,65,25,0,-1073741824,-1073741824,999914
28,66,25,0,-1073741824,-1073741824,984971
28,67,25,0,-1073741824,-1073741824,983977
28,68,25,0,-1073741824,-1073741824,985084
28,69,25,0,-1073741824,-1073741824,986501
28,70,25,0,-1073741824,-1073741824,986488
28,71,25,0,-1073741824,-1073741824,990846
28,72,25,0,-1073741824,-1073741824,1009690
28,73,25,0,-1073741824,-1073741824,1015160
28,74,25,0,-1073741824,-1073741824,994364
28,75,25,0,-1073741824,-1073741824,983465
28,76,25,0,-1073741824,-1073741824,983601
28,77,25,0,-1073741824,-1073741824,984820
28,78,25,0,-1073741824,-1073741824,985379
28,79,25,0,-1073741824,-1073741824,986017
28,80,25,0,-1073741824,-1073741824,987706
28,81,25,0,-1073741824,-1073741824,994591
28,82,25,0,-1073741824,-1073741824,1012342
28,83,25,0,-1073741824,-1073741824,1000518
28,84,25,0,-1073741824,-1073741824,984258
28,85,25,0,-1073741824,-1073741824,984218
28,86,25,0,-1073741824,-1073741824,984924
28,87,25,0,-1073741824,-1073741824,986378
28,88,25,0,-1073741824,-1073741824,986188
28,89,25,0,-1073741824,-1073741824,986894
28,90,25,0,-1073741824,-1073741824,987550
28,91,25,0,-1073741824,-1073741824,995628
28,92,25,0,-1073741824,-1073741824,1006750
28,93,25,0,-1073741824,-1073741824,1001915
28,94,25,0,-1073741824,-1073741824,1006531
28,95,25,0,-1073741824,-1073741824,1006136
28,96,25,0,-1073741824,-1073741824,999920
28,97,25,0,-1073741824,-1073741824,1006123
28,98,25,0,-1073741824,-1073741824,1003015
28,99,25,0,-1073741824,-1073741824,998099
28,100,25,0,-1073741824,-1073741824,1001853
28,101,25,0,-1073741824,-1073741824,1000578
28,102,25,0,-1073741824,-1073741824,999499
28,103,25,0,-1073741824,-1073741824,1000425
28,104,25,0,-1073741824,-1073741824,1000356
28,105,25,0,-1073741824,-1073741824,1001889
28,106,25,0,-1073741824,-1073741824,1004021
28,107,25,0,-1073741824,-1073741824,992031
28,108,25,0,-1073741824,-1073741824,989751
28,109,25,0,-1073741824,-1073741824,1000695
28,110,25,0,-1073741824,-1073741824,1006535
28,111,25,0,-1073741824,-1073741824,999099
28,112,25,0,-1073741824,-1073741824,997130
28,113,25,0,-1073741824,-1073741824,1002222
28,114,25,0,-1073741824,-1073741824,1000835
28,115,25,0,-1073741824,-1073741824,991868
28,116,25,0,-1073741824,-1073741824,986105
28,117,25,0,-1073741824,-1073741824,987911
28,118,25,0,-1073741824,-1073741824,987387
28,119,25,0,-1073741824,-1073741824,987893
29,0,25,0,-1073741824,-1073741824,1000241
29,1,25,0,-1073741824,-1073741824,1018088
29,2,25,0,-1073741824,-1073741824,1004584
29,3,25,0,-1073741824,-1073741824,988647
29,4,25,0,-1073741824,-1073741824,988834
29,5,25,0,-1073741824,-1073741824,1007705
29,6,25,0,-1073741824,-1073741824,1009149
29,7,25,0,-1073741824,-1073741824,1006727
29,8,25,0,-1073741824,-1073741824,999195
29,9,25,0,-1073741824,-1073741824,992788
29,10,25,0,-1073741824,-1073741824,997430
29,11,25,0,-1073741824,-1073741824,997044
29,12,25,0,-1073741824,-1073741824,993898
29,13,25,0,-1073741824,-1073741824,995947
29,14,25,0,-1073741824,-1073741824,992913
29,15,25,0,-1073741824,-1073741824,995456
29,16,25,0,-1073741824,-1073741824,1001612
29,17,25,0,-1073741824,-1073741824,1003088
29,18,25,0,-1073741824,-1073741824,995716
29,19,25,0,-1073741824,-1073741824,992386
29,20,25,0,-1073741824,-1073741824,993266
29,21,25,0,-1073741824,-1073741824,999993
29,22,25,0,-1073741824,-1073741824,998155
29,23,25,0,-1073741824,-1073741824,982746
29,24,25,0,-1073741824,-1073741824,976660
29,25,25,0,-1073741824,-1073741824,979659
29,26,25,0,-1073741824,-1073741824,981135
29,27,25,0,-1073741824,-1073741824,991155
29,28,25,0,-1073741824,-1073741824,995895
29,29,25,0,-1073741824,-1073741824,996424
29,30,25,0,-1073741824,-1073741824,1004488
29,31,25,0,-1073741824,-1073741824,1000557
29,32,25,0,-1073741824,-1073741824,991400
29,33,25,0,-1073741824,-1073741824,991009
29,34,25,0,-1073741824,-1073741824,992353
29,35,25,0,-1073741824,-1073741824,992229
29,36,25,0,-1073741824,-1073741824,992047
29,37,25,0,-1073741824,-1073741824,992651
29,38,25,0,-1073741824,-1073741824,1000912
29,39,25,0,-1073741824,-1073741824,1003211
29,40,25,6,-5885,-5885,11684013
29,41,25,4,-3949,-3949,11680055
29,42,25,0,-1073741824,-1073741824,991209
29,43,25,0,-1073741824,-1073741824,991868
29,44,25,0,-1073741824,-1073741824,991477
29,45,25,0,-1073741824,-1073741824,991346
29,46,25,0,-1073741824,-1073741824,991734
29,47,25,0,-1073741824,-1073741824,993568
29,48,25,0,-1073741824,-1073741824,992572
29,49,25,0,-1073741824,-1073741824,992967
29,50,25,0,-1073741824,-1073741824,993941
29,51,25,0,-1073741824,-1073741824,1007912
29,52,25,0,-1073741824,-1073741824,1009968
29,53,25,0,-1073741824,-1073741824,1006313
29,54,25,0,-1073741824,-1073741824,1004507
29,55,25,0,-1073741824,-1073741824,1001540
29,56,25,0,-1073741824,-1073741824,1003109
29,57,25,0,-1073741824,-1073741824,1003079
29,58,25,0,-1073741824,-1073741824,1003189
29,59,25,0,-1073741824,-1073741824,1001131
29,60,25,0,-1073741824,-1073741824,1000968
29,61,25,0,-1073741824,-1073741824,1005810
29,62,25,0,-1073741824,-1073741824,1000475
29,63,25,0,-1073741824,-1073741824,1002665
29,64,25,0,-1073741824,-1073741824,1008376
29,65,25,0,-1073741824,-1073741824,1001968
29,66,25,0,-1073741824,-1073741824,992857
29,67,25,0,-1073741824,-1073741824,983709
29,68,25,0,-1073741824,-1073741824,977727
29,69,25,0,-1073741824,-1073741824,979585
29,70,25,0,-1073741824,-1073741824,1001234
29,71,25,0,-1073741824,-1073741824,1003778
29,72,25,0,-1073741824,-1073741824,984906
29,73,25,0,-1073741824,-1073741824,978149
29,74,25,0,-1073741824,-1073741824,979465
29,75,25,0,-1073741824,-1073741824,979555
29,76,25,0,-1073741824,-1073741824,980319
29,77,25,0,-1073741824,-1073741824,985940
29,78,25,0,-1073741824,-1073741824,1003662
29,79,25,0,-1073741824,-1073741824,991934
29,80,25,0,-1073741824,-1073741824,978756
29,81,25,0,-1073741824,-1073741824,979238
29,82,25,0,-1073741824,-1073741824,980167
29,83,25,0,-1073741824,-1073741824,980294
29,84,25,0,-1073741824,-1073741824,981015
29,85,25,0,-1073741824,-1073741824,981756
29,86,25,0,-1073741824,-1073741824,982692
29,87,25,0,-1073741824,-1073741824,988234
29,88,25,0,-1073741824,-1073741824,1014888
29,89,25,0,-1073741824,-1073741824,1021544
29,90,25,0,-1073741824,-1073741824,992404
29,91,25,0,-1073741824,-1073741824,977553
29,92,25,0,-1073741824,-1073741824,978318
29,93,25,0,-1073741824,-1073741824,979017
29,94,25,0,-1073741824,-1073741824,982907
29,95,25,0,-1073741824,-1073741824,1013293
29,96,25,0,-1073741824,-1073741824,1005740
29,97,25,0,-1073741824,-1073741824,980915
29,98,25,0,-1073741824,-1073741824,978454
29,99,25,0,-1073741824,-1073741824,978984
29,100,25,0,-1073741824,-1073741824,979962
29,101,25,0,-1073741824,-1073741824,980764
29,102,25,0,-1073741824,-1073741824,992234
29,103,25,0,-1073741824,-1073741824,1008406
29,104,25,0,-1073741824,-1073741824,1007516
29,105,25,0,-1073741824,-1073741824,1004401
29,106,25,0,-1073741824,-1073741824,1006750
29,107,25,0,-1073741824,-1073741824,1005995
29,108,25,0,-1073741824,-1073741824,999480
29,109,25,0,-1073741824,-1073741824,999449
29,110,25,0,-1073741824,-1073741824,1003239
29,111,25,0,-1073741824,-1073741824,999551
29,112,25,0,-1073741824,-1073741824,999574
29,113,25,0,-1073741824,-1073741824,999656
29,114,25,0,-1073741824,-1073741824,1000951
29,115,25,0,-1073741824,-1073741824,1002121
29,116,25,0,-1073741824,-1073741824,998207
29,117,25,0,-1073741824,-1073741824,984004
29,118,25,0,-1073741824,-1073741824,990610
29,119,25,0,-1073741824,-1073741824,1004963
